title,text,subject,date,label,target
SHOCKING TRUTH REVEALED: BREAKING: Secret Alien Technology Discovered in Underground Bunker! Government Hiding The Truth From Citizens! Scientists Shocked!,BREAKING: Secret Alien Technology Discovered in Underground Bunker! Government Hiding The Truth From Citizens! Scientists Shocked! Article ID #0 claiming sensational facts without empirical verification or peer review. Click here to read more shocking evidence!,News,2026-01-01,1,FAKE
"LEAKED REPORT PROVES CONSPIRACY: SHOCKING: Drinking Lemon Juice Mixed With Miracle Powder Cures All Incurable Diseases Overnight, Doctors Don't Want You To Know!","SHOCKING: Drinking Lemon Juice Mixed With Miracle Powder Cures All Incurable Diseases Overnight, Doctors Don't Want You To Know! Article ID #1 claiming sensational facts without empirical verification or peer review. Click here to read more shocking evidence!",News,2026-01-01,1,FAKE
DOCTORS HATE THIS SIMPLE TRICK: LEAKED DOCUMENT: Billionaires Plan To Teleport Moon To Another Galaxy Next Month Using Quantum Magnetism!,LEAKED DOCUMENT: Billionaires Plan To Teleport Moon To Another Galaxy Next Month Using Quantum Magnetism! Article ID #2 claiming sensational facts without empirical verification or peer review. Click here to read more shocking evidence!,News,2026-01-01,1,FAKE
SECRET GOVERNMENT PROJECT EXPOSED: CONFIRMED: Eating Chocolate 10 Times A Day Reverses Aging Instantly According To Anonymous Unnamed Blogger!,CONFIRMED: Eating Chocolate 10 Times A Day Reverses Aging Instantly According To Anonymous Unnamed Blogger! Article ID #3 claiming sensational facts without empirical verification or peer review. Click here to read more shocking evidence!,News,2026-01-01,1,FAKE
UNBELIEVABLE DISCOVERY CHANGES EVERYTHING: ALERT: Invisible Robots Are Monitoring Your Thoughts Through Standard Household Mirrors! Share Before Deleted!,ALERT: Invisible Robots Are Monitoring Your Thoughts Through Standard Household Mirrors! Share Before Deleted! Article ID #4 claiming sensational facts without empirical verification or peer review. Click here to read more shocking evidence!,News,2026-01-01,1,FAKE
"CELEBRITY SCANDAL LEAKS ONLINE: EXCLUSIVE: Famous Celebrity Replaced By Hologram During Live Interview, Fans Notice Strange Glitch In Eyes!","EXCLUSIVE: Famous Celebrity Replaced By Hologram During Live Interview, Fans Notice Strange Glitch In Eyes! Article ID #5 claiming sensational facts without empirical verification or peer review. Click here to read more shocking evidence!",News,2026-01-01,1,FAKE
MIRACLE CURE SPREADING FAST: SCANDAL: Secret Society Controls Global Weather Patterns Using Giant Microwaves In The Arctic Circle!,SCANDAL: Secret Society Controls Global Weather Patterns Using Giant Microwaves In The Arctic Circle! Article ID #6 claiming sensational facts without empirical verification or peer review. Click here to read more shocking evidence!,News,2026-01-01,1,FAKE
WARNING TO ALL CITIZENS: MIRACLE REMEDY: Ancient Tree Bark Powder Banishes Stress And Makes You Fly In Your Sleep!,MIRACLE REMEDY: Ancient Tree Bark Powder Banishes Stress And Makes You Fly In Your Sleep! Article ID #7 claiming sensational facts without empirical verification or peer review. Click here to read more shocking evidence!,News,2026-01-01,1,FAKE
SHOCKING TRUTH REVEALED: WARNING: Microwave Ovens Are Sending Secret Signals To Deep Space Satellites Without User Knowledge!,WARNING: Microwave Ovens Are Sending Secret Signals To Deep Space Satellites Without User Knowledge! Article ID #8 claiming sensational facts without empirical verification or peer review. Click here to read more shocking evidence!,News,2026-01-01,1,FAKE
LEAKED REPORT PROVES CONSPIRACY: UNBELIEVABLE: Local Man Discovers Free Unlimited Electricity Using Two Magnets And A Paperclip!,UNBELIEVABLE: Local Man Discovers Free Unlimited Electricity Using Two Magnets And A Paperclip! Article ID #9 claiming sensational facts without empirical verification or peer review. Click here to read more shocking evidence!,News,2026-01-01,1,FAKE
DOCTORS HATE THIS SIMPLE TRICK: BREAKING: Secret Alien Technology Discovered in Underground Bunker! Government Hiding The Truth From Citizens! Scientists Shocked!,BREAKING: Secret Alien Technology Discovered in Underground Bunker! Government Hiding The Truth From Citizens! Scientists Shocked! Article ID #10 claiming sensational facts without empirical verification or peer review. Click here to read more shocking evidence!,News,2026-01-01,1,FAKE
"SECRET GOVERNMENT PROJECT EXPOSED: SHOCKING: Drinking Lemon Juice Mixed With Miracle Powder Cures All Incurable Diseases Overnight, Doctors Don't Want You To Know!","SHOCKING: Drinking Lemon Juice Mixed With Miracle Powder Cures All Incurable Diseases Overnight, Doctors Don't Want You To Know! Article ID #11 claiming sensational facts without empirical verification or peer review. Click here to read more shocking evidence!",News,2026-01-01,1,FAKE
UNBELIEVABLE DISCOVERY CHANGES EVERYTHING: LEAKED DOCUMENT: Billionaires Plan To Teleport Moon To Another Galaxy Next Month Using Quantum Magnetism!,LEAKED DOCUMENT: Billionaires Plan To Teleport Moon To Another Galaxy Next Month Using Quantum Magnetism! Article ID #12 claiming sensational facts without empirical verification or peer review. Click here to read more shocking evidence!,News,2026-01-01,1,FAKE
CELEBRITY SCANDAL LEAKS ONLINE: CONFIRMED: Eating Chocolate 10 Times A Day Reverses Aging Instantly According To Anonymous Unnamed Blogger!,CONFIRMED: Eating Chocolate 10 Times A Day Reverses Aging Instantly According To Anonymous Unnamed Blogger! Article ID #13 claiming sensational facts without empirical verification or peer review. Click here to read more shocking evidence!,News,2026-01-01,1,FAKE
MIRACLE CURE SPREADING FAST: ALERT: Invisible Robots Are Monitoring Your Thoughts Through Standard Household Mirrors! Share Before Deleted!,ALERT: Invisible Robots Are Monitoring Your Thoughts Through Standard Household Mirrors! Share Before Deleted! Article ID #14 claiming sensational facts without empirical verification or peer review. Click here to read more shocking evidence!,News,2026-01-01,1,FAKE
"WARNING TO ALL CITIZENS: EXCLUSIVE: Famous Celebrity Replaced By Hologram During Live Interview, Fans Notice Strange Glitch In Eyes!","EXCLUSIVE: Famous Celebrity Replaced By Hologram During Live Interview, Fans Notice Strange Glitch In Eyes! Article ID #15 claiming sensational facts without empirical verification or peer review. Click here to read more shocking evidence!",News,2026-01-01,1,FAKE
SHOCKING TRUTH REVEALED: SCANDAL: Secret Society Controls Global Weather Patterns Using Giant Microwaves In The Arctic Circle!,SCANDAL: Secret Society Controls Global Weather Patterns Using Giant Microwaves In The Arctic Circle! Article ID #16 claiming sensational facts without empirical verification or peer review. Click here to read more shocking evidence!,News,2026-01-01,1,FAKE
LEAKED REPORT PROVES CONSPIRACY: MIRACLE REMEDY: Ancient Tree Bark Powder Banishes Stress And Makes You Fly In Your Sleep!,MIRACLE REMEDY: Ancient Tree Bark Powder Banishes Stress And Makes You Fly In Your Sleep! Article ID #17 claiming sensational facts without empirical verification or peer review. Click here to read more shocking evidence!,News,2026-01-01,1,FAKE
DOCTORS HATE THIS SIMPLE TRICK: WARNING: Microwave Ovens Are Sending Secret Signals To Deep Space Satellites Without User Knowledge!,WARNING: Microwave Ovens Are Sending Secret Signals To Deep Space Satellites Without User Knowledge! Article ID #18 claiming sensational facts without empirical verification or peer review. Click here to read more shocking evidence!,News,2026-01-01,1,FAKE
SECRET GOVERNMENT PROJECT EXPOSED: UNBELIEVABLE: Local Man Discovers Free Unlimited Electricity Using Two Magnets And A Paperclip!,UNBELIEVABLE: Local Man Discovers Free Unlimited Electricity Using Two Magnets And A Paperclip! Article ID #19 claiming sensational facts without empirical verification or peer review. Click here to read more shocking evidence!,News,2026-01-01,1,FAKE
UNBELIEVABLE DISCOVERY CHANGES EVERYTHING: BREAKING: Secret Alien Technology Discovered in Underground Bunker! Government Hiding The Truth From Citizens! Scientists Shocked!,BREAKING: Secret Alien Technology Discovered in Underground Bunker! Government Hiding The Truth From Citizens! Scientists Shocked! Article ID #20 claiming sensational facts without empirical verification or peer review. Click here to read more shocking evidence!,News,2026-01-01,1,FAKE
"CELEBRITY SCANDAL LEAKS ONLINE: SHOCKING: Drinking Lemon Juice Mixed With Miracle Powder Cures All Incurable Diseases Overnight, Doctors Don't Want You To Know!","SHOCKING: Drinking Lemon Juice Mixed With Miracle Powder Cures All Incurable Diseases Overnight, Doctors Don't Want You To Know! Article ID #21 claiming sensational facts without empirical verification or peer review. Click here to read more shocking evidence!",News,2026-01-01,1,FAKE
MIRACLE CURE SPREADING FAST: LEAKED DOCUMENT: Billionaires Plan To Teleport Moon To Another Galaxy Next Month Using Quantum Magnetism!,LEAKED DOCUMENT: Billionaires Plan To Teleport Moon To Another Galaxy Next Month Using Quantum Magnetism! Article ID #22 claiming sensational facts without empirical verification or peer review. Click here to read more shocking evidence!,News,2026-01-01,1,FAKE
WARNING TO ALL CITIZENS: CONFIRMED: Eating Chocolate 10 Times A Day Reverses Aging Instantly According To Anonymous Unnamed Blogger!,CONFIRMED: Eating Chocolate 10 Times A Day Reverses Aging Instantly According To Anonymous Unnamed Blogger! Article ID #23 claiming sensational facts without empirical verification or peer review. Click here to read more shocking evidence!,News,2026-01-01,1,FAKE
SHOCKING TRUTH REVEALED: ALERT: Invisible Robots Are Monitoring Your Thoughts Through Standard Household Mirrors! Share Before Deleted!,ALERT: Invisible Robots Are Monitoring Your Thoughts Through Standard Household Mirrors! Share Before Deleted! Article ID #24 claiming sensational facts without empirical verification or peer review. Click here to read more shocking evidence!,News,2026-01-01,1,FAKE
"LEAKED REPORT PROVES CONSPIRACY: EXCLUSIVE: Famous Celebrity Replaced By Hologram During Live Interview, Fans Notice Strange Glitch In Eyes!","EXCLUSIVE: Famous Celebrity Replaced By Hologram During Live Interview, Fans Notice Strange Glitch In Eyes! Article ID #25 claiming sensational facts without empirical verification or peer review. Click here to read more shocking evidence!",News,2026-01-01,1,FAKE
DOCTORS HATE THIS SIMPLE TRICK: SCANDAL: Secret Society Controls Global Weather Patterns Using Giant Microwaves In The Arctic Circle!,SCANDAL: Secret Society Controls Global Weather Patterns Using Giant Microwaves In The Arctic Circle! Article ID #26 claiming sensational facts without empirical verification or peer review. Click here to read more shocking evidence!,News,2026-01-01,1,FAKE
SECRET GOVERNMENT PROJECT EXPOSED: MIRACLE REMEDY: Ancient Tree Bark Powder Banishes Stress And Makes You Fly In Your Sleep!,MIRACLE REMEDY: Ancient Tree Bark Powder Banishes Stress And Makes You Fly In Your Sleep! Article ID #27 claiming sensational facts without empirical verification or peer review. Click here to read more shocking evidence!,News,2026-01-01,1,FAKE
UNBELIEVABLE DISCOVERY CHANGES EVERYTHING: WARNING: Microwave Ovens Are Sending Secret Signals To Deep Space Satellites Without User Knowledge!,WARNING: Microwave Ovens Are Sending Secret Signals To Deep Space Satellites Without User Knowledge! Article ID #28 claiming sensational facts without empirical verification or peer review. Click here to read more shocking evidence!,News,2026-01-01,1,FAKE
CELEBRITY SCANDAL LEAKS ONLINE: UNBELIEVABLE: Local Man Discovers Free Unlimited Electricity Using Two Magnets And A Paperclip!,UNBELIEVABLE: Local Man Discovers Free Unlimited Electricity Using Two Magnets And A Paperclip! Article ID #29 claiming sensational facts without empirical verification or peer review. Click here to read more shocking evidence!,News,2026-01-01,1,FAKE
MIRACLE CURE SPREADING FAST: BREAKING: Secret Alien Technology Discovered in Underground Bunker! Government Hiding The Truth From Citizens! Scientists Shocked!,BREAKING: Secret Alien Technology Discovered in Underground Bunker! Government Hiding The Truth From Citizens! Scientists Shocked! Article ID #30 claiming sensational facts without empirical verification or peer review. Click here to read more shocking evidence!,News,2026-01-01,1,FAKE
"WARNING TO ALL CITIZENS: SHOCKING: Drinking Lemon Juice Mixed With Miracle Powder Cures All Incurable Diseases Overnight, Doctors Don't Want You To Know!","SHOCKING: Drinking Lemon Juice Mixed With Miracle Powder Cures All Incurable Diseases Overnight, Doctors Don't Want You To Know! Article ID #31 claiming sensational facts without empirical verification or peer review. Click here to read more shocking evidence!",News,2026-01-01,1,FAKE
SHOCKING TRUTH REVEALED: LEAKED DOCUMENT: Billionaires Plan To Teleport Moon To Another Galaxy Next Month Using Quantum Magnetism!,LEAKED DOCUMENT: Billionaires Plan To Teleport Moon To Another Galaxy Next Month Using Quantum Magnetism! Article ID #32 claiming sensational facts without empirical verification or peer review. Click here to read more shocking evidence!,News,2026-01-01,1,FAKE
LEAKED REPORT PROVES CONSPIRACY: CONFIRMED: Eating Chocolate 10 Times A Day Reverses Aging Instantly According To Anonymous Unnamed Blogger!,CONFIRMED: Eating Chocolate 10 Times A Day Reverses Aging Instantly According To Anonymous Unnamed Blogger! Article ID #33 claiming sensational facts without empirical verification or peer review. Click here to read more shocking evidence!,News,2026-01-01,1,FAKE
DOCTORS HATE THIS SIMPLE TRICK: ALERT: Invisible Robots Are Monitoring Your Thoughts Through Standard Household Mirrors! Share Before Deleted!,ALERT: Invisible Robots Are Monitoring Your Thoughts Through Standard Household Mirrors! Share Before Deleted! Article ID #34 claiming sensational facts without empirical verification or peer review. Click here to read more shocking evidence!,News,2026-01-01,1,FAKE
"SECRET GOVERNMENT PROJECT EXPOSED: EXCLUSIVE: Famous Celebrity Replaced By Hologram During Live Interview, Fans Notice Strange Glitch In Eyes!","EXCLUSIVE: Famous Celebrity Replaced By Hologram During Live Interview, Fans Notice Strange Glitch In Eyes! Article ID #35 claiming sensational facts without empirical verification or peer review. Click here to read more shocking evidence!",News,2026-01-01,1,FAKE
UNBELIEVABLE DISCOVERY CHANGES EVERYTHING: SCANDAL: Secret Society Controls Global Weather Patterns Using Giant Microwaves In The Arctic Circle!,SCANDAL: Secret Society Controls Global Weather Patterns Using Giant Microwaves In The Arctic Circle! Article ID #36 claiming sensational facts without empirical verification or peer review. Click here to read more shocking evidence!,News,2026-01-01,1,FAKE
CELEBRITY SCANDAL LEAKS ONLINE: MIRACLE REMEDY: Ancient Tree Bark Powder Banishes Stress And Makes You Fly In Your Sleep!,MIRACLE REMEDY: Ancient Tree Bark Powder Banishes Stress And Makes You Fly In Your Sleep! Article ID #37 claiming sensational facts without empirical verification or peer review. Click here to read more shocking evidence!,News,2026-01-01,1,FAKE
MIRACLE CURE SPREADING FAST: WARNING: Microwave Ovens Are Sending Secret Signals To Deep Space Satellites Without User Knowledge!,WARNING: Microwave Ovens Are Sending Secret Signals To Deep Space Satellites Without User Knowledge! Article ID #38 claiming sensational facts without empirical verification or peer review. Click here to read more shocking evidence!,News,2026-01-01,1,FAKE
WARNING TO ALL CITIZENS: UNBELIEVABLE: Local Man Discovers Free Unlimited Electricity Using Two Magnets And A Paperclip!,UNBELIEVABLE: Local Man Discovers Free Unlimited Electricity Using Two Magnets And A Paperclip! Article ID #39 claiming sensational facts without empirical verification or peer review. Click here to read more shocking evidence!,News,2026-01-01,1,FAKE
SHOCKING TRUTH REVEALED: BREAKING: Secret Alien Technology Discovered in Underground Bunker! Government Hiding The Truth From Citizens! Scientists Shocked!,BREAKING: Secret Alien Technology Discovered in Underground Bunker! Government Hiding The Truth From Citizens! Scientists Shocked! Article ID #40 claiming sensational facts without empirical verification or peer review. Click here to read more shocking evidence!,News,2026-01-01,1,FAKE
"LEAKED REPORT PROVES CONSPIRACY: SHOCKING: Drinking Lemon Juice Mixed With Miracle Powder Cures All Incurable Diseases Overnight, Doctors Don't Want You To Know!","SHOCKING: Drinking Lemon Juice Mixed With Miracle Powder Cures All Incurable Diseases Overnight, Doctors Don't Want You To Know! Article ID #41 claiming sensational facts without empirical verification or peer review. Click here to read more shocking evidence!",News,2026-01-01,1,FAKE
DOCTORS HATE THIS SIMPLE TRICK: LEAKED DOCUMENT: Billionaires Plan To Teleport Moon To Another Galaxy Next Month Using Quantum Magnetism!,LEAKED DOCUMENT: Billionaires Plan To Teleport Moon To Another Galaxy Next Month Using Quantum Magnetism! Article ID #42 claiming sensational facts without empirical verification or peer review. Click here to read more shocking evidence!,News,2026-01-01,1,FAKE
SECRET GOVERNMENT PROJECT EXPOSED: CONFIRMED: Eating Chocolate 10 Times A Day Reverses Aging Instantly According To Anonymous Unnamed Blogger!,CONFIRMED: Eating Chocolate 10 Times A Day Reverses Aging Instantly According To Anonymous Unnamed Blogger! Article ID #43 claiming sensational facts without empirical verification or peer review. Click here to read more shocking evidence!,News,2026-01-01,1,FAKE
UNBELIEVABLE DISCOVERY CHANGES EVERYTHING: ALERT: Invisible Robots Are Monitoring Your Thoughts Through Standard Household Mirrors! Share Before Deleted!,ALERT: Invisible Robots Are Monitoring Your Thoughts Through Standard Household Mirrors! Share Before Deleted! Article ID #44 claiming sensational facts without empirical verification or peer review. Click here to read more shocking evidence!,News,2026-01-01,1,FAKE
"CELEBRITY SCANDAL LEAKS ONLINE: EXCLUSIVE: Famous Celebrity Replaced By Hologram During Live Interview, Fans Notice Strange Glitch In Eyes!","EXCLUSIVE: Famous Celebrity Replaced By Hologram During Live Interview, Fans Notice Strange Glitch In Eyes! Article ID #45 claiming sensational facts without empirical verification or peer review. Click here to read more shocking evidence!",News,2026-01-01,1,FAKE
MIRACLE CURE SPREADING FAST: SCANDAL: Secret Society Controls Global Weather Patterns Using Giant Microwaves In The Arctic Circle!,SCANDAL: Secret Society Controls Global Weather Patterns Using Giant Microwaves In The Arctic Circle! Article ID #46 claiming sensational facts without empirical verification or peer review. Click here to read more shocking evidence!,News,2026-01-01,1,FAKE
WARNING TO ALL CITIZENS: MIRACLE REMEDY: Ancient Tree Bark Powder Banishes Stress And Makes You Fly In Your Sleep!,MIRACLE REMEDY: Ancient Tree Bark Powder Banishes Stress And Makes You Fly In Your Sleep! Article ID #47 claiming sensational facts without empirical verification or peer review. Click here to read more shocking evidence!,News,2026-01-01,1,FAKE
SHOCKING TRUTH REVEALED: WARNING: Microwave Ovens Are Sending Secret Signals To Deep Space Satellites Without User Knowledge!,WARNING: Microwave Ovens Are Sending Secret Signals To Deep Space Satellites Without User Knowledge! Article ID #48 claiming sensational facts without empirical verification or peer review. Click here to read more shocking evidence!,News,2026-01-01,1,FAKE
LEAKED REPORT PROVES CONSPIRACY: UNBELIEVABLE: Local Man Discovers Free Unlimited Electricity Using Two Magnets And A Paperclip!,UNBELIEVABLE: Local Man Discovers Free Unlimited Electricity Using Two Magnets And A Paperclip! Article ID #49 claiming sensational facts without empirical verification or peer review. Click here to read more shocking evidence!,News,2026-01-01,1,FAKE
DOCTORS HATE THIS SIMPLE TRICK: BREAKING: Secret Alien Technology Discovered in Underground Bunker! Government Hiding The Truth From Citizens! Scientists Shocked!,BREAKING: Secret Alien Technology Discovered in Underground Bunker! Government Hiding The Truth From Citizens! Scientists Shocked! Article ID #50 claiming sensational facts without empirical verification or peer review. Click here to read more shocking evidence!,News,2026-01-01,1,FAKE
"SECRET GOVERNMENT PROJECT EXPOSED: SHOCKING: Drinking Lemon Juice Mixed With Miracle Powder Cures All Incurable Diseases Overnight, Doctors Don't Want You To Know!","SHOCKING: Drinking Lemon Juice Mixed With Miracle Powder Cures All Incurable Diseases Overnight, Doctors Don't Want You To Know! Article ID #51 claiming sensational facts without empirical verification or peer review. Click here to read more shocking evidence!",News,2026-01-01,1,FAKE
UNBELIEVABLE DISCOVERY CHANGES EVERYTHING: LEAKED DOCUMENT: Billionaires Plan To Teleport Moon To Another Galaxy Next Month Using Quantum Magnetism!,LEAKED DOCUMENT: Billionaires Plan To Teleport Moon To Another Galaxy Next Month Using Quantum Magnetism! Article ID #52 claiming sensational facts without empirical verification or peer review. Click here to read more shocking evidence!,News,2026-01-01,1,FAKE
CELEBRITY SCANDAL LEAKS ONLINE: CONFIRMED: Eating Chocolate 10 Times A Day Reverses Aging Instantly According To Anonymous Unnamed Blogger!,CONFIRMED: Eating Chocolate 10 Times A Day Reverses Aging Instantly According To Anonymous Unnamed Blogger! Article ID #53 claiming sensational facts without empirical verification or peer review. Click here to read more shocking evidence!,News,2026-01-01,1,FAKE
MIRACLE CURE SPREADING FAST: ALERT: Invisible Robots Are Monitoring Your Thoughts Through Standard Household Mirrors! Share Before Deleted!,ALERT: Invisible Robots Are Monitoring Your Thoughts Through Standard Household Mirrors! Share Before Deleted! Article ID #54 claiming sensational facts without empirical verification or peer review. Click here to read more shocking evidence!,News,2026-01-01,1,FAKE
"WARNING TO ALL CITIZENS: EXCLUSIVE: Famous Celebrity Replaced By Hologram During Live Interview, Fans Notice Strange Glitch In Eyes!","EXCLUSIVE: Famous Celebrity Replaced By Hologram During Live Interview, Fans Notice Strange Glitch In Eyes! Article ID #55 claiming sensational facts without empirical verification or peer review. Click here to read more shocking evidence!",News,2026-01-01,1,FAKE
SHOCKING TRUTH REVEALED: SCANDAL: Secret Society Controls Global Weather Patterns Using Giant Microwaves In The Arctic Circle!,SCANDAL: Secret Society Controls Global Weather Patterns Using Giant Microwaves In The Arctic Circle! Article ID #56 claiming sensational facts without empirical verification or peer review. Click here to read more shocking evidence!,News,2026-01-01,1,FAKE
LEAKED REPORT PROVES CONSPIRACY: MIRACLE REMEDY: Ancient Tree Bark Powder Banishes Stress And Makes You Fly In Your Sleep!,MIRACLE REMEDY: Ancient Tree Bark Powder Banishes Stress And Makes You Fly In Your Sleep! Article ID #57 claiming sensational facts without empirical verification or peer review. Click here to read more shocking evidence!,News,2026-01-01,1,FAKE
DOCTORS HATE THIS SIMPLE TRICK: WARNING: Microwave Ovens Are Sending Secret Signals To Deep Space Satellites Without User Knowledge!,WARNING: Microwave Ovens Are Sending Secret Signals To Deep Space Satellites Without User Knowledge! Article ID #58 claiming sensational facts without empirical verification or peer review. Click here to read more shocking evidence!,News,2026-01-01,1,FAKE
SECRET GOVERNMENT PROJECT EXPOSED: UNBELIEVABLE: Local Man Discovers Free Unlimited Electricity Using Two Magnets And A Paperclip!,UNBELIEVABLE: Local Man Discovers Free Unlimited Electricity Using Two Magnets And A Paperclip! Article ID #59 claiming sensational facts without empirical verification or peer review. Click here to read more shocking evidence!,News,2026-01-01,1,FAKE
UNBELIEVABLE DISCOVERY CHANGES EVERYTHING: BREAKING: Secret Alien Technology Discovered in Underground Bunker! Government Hiding The Truth From Citizens! Scientists Shocked!,BREAKING: Secret Alien Technology Discovered in Underground Bunker! Government Hiding The Truth From Citizens! Scientists Shocked! Article ID #60 claiming sensational facts without empirical verification or peer review. Click here to read more shocking evidence!,News,2026-01-01,1,FAKE
"CELEBRITY SCANDAL LEAKS ONLINE: SHOCKING: Drinking Lemon Juice Mixed With Miracle Powder Cures All Incurable Diseases Overnight, Doctors Don't Want You To Know!","SHOCKING: Drinking Lemon Juice Mixed With Miracle Powder Cures All Incurable Diseases Overnight, Doctors Don't Want You To Know! Article ID #61 claiming sensational facts without empirical verification or peer review. Click here to read more shocking evidence!",News,2026-01-01,1,FAKE
MIRACLE CURE SPREADING FAST: LEAKED DOCUMENT: Billionaires Plan To Teleport Moon To Another Galaxy Next Month Using Quantum Magnetism!,LEAKED DOCUMENT: Billionaires Plan To Teleport Moon To Another Galaxy Next Month Using Quantum Magnetism! Article ID #62 claiming sensational facts without empirical verification or peer review. Click here to read more shocking evidence!,News,2026-01-01,1,FAKE
WARNING TO ALL CITIZENS: CONFIRMED: Eating Chocolate 10 Times A Day Reverses Aging Instantly According To Anonymous Unnamed Blogger!,CONFIRMED: Eating Chocolate 10 Times A Day Reverses Aging Instantly According To Anonymous Unnamed Blogger! Article ID #63 claiming sensational facts without empirical verification or peer review. Click here to read more shocking evidence!,News,2026-01-01,1,FAKE
SHOCKING TRUTH REVEALED: ALERT: Invisible Robots Are Monitoring Your Thoughts Through Standard Household Mirrors! Share Before Deleted!,ALERT: Invisible Robots Are Monitoring Your Thoughts Through Standard Household Mirrors! Share Before Deleted! Article ID #64 claiming sensational facts without empirical verification or peer review. Click here to read more shocking evidence!,News,2026-01-01,1,FAKE
"LEAKED REPORT PROVES CONSPIRACY: EXCLUSIVE: Famous Celebrity Replaced By Hologram During Live Interview, Fans Notice Strange Glitch In Eyes!","EXCLUSIVE: Famous Celebrity Replaced By Hologram During Live Interview, Fans Notice Strange Glitch In Eyes! Article ID #65 claiming sensational facts without empirical verification or peer review. Click here to read more shocking evidence!",News,2026-01-01,1,FAKE
DOCTORS HATE THIS SIMPLE TRICK: SCANDAL: Secret Society Controls Global Weather Patterns Using Giant Microwaves In The Arctic Circle!,SCANDAL: Secret Society Controls Global Weather Patterns Using Giant Microwaves In The Arctic Circle! Article ID #66 claiming sensational facts without empirical verification or peer review. Click here to read more shocking evidence!,News,2026-01-01,1,FAKE
SECRET GOVERNMENT PROJECT EXPOSED: MIRACLE REMEDY: Ancient Tree Bark Powder Banishes Stress And Makes You Fly In Your Sleep!,MIRACLE REMEDY: Ancient Tree Bark Powder Banishes Stress And Makes You Fly In Your Sleep! Article ID #67 claiming sensational facts without empirical verification or peer review. Click here to read more shocking evidence!,News,2026-01-01,1,FAKE
UNBELIEVABLE DISCOVERY CHANGES EVERYTHING: WARNING: Microwave Ovens Are Sending Secret Signals To Deep Space Satellites Without User Knowledge!,WARNING: Microwave Ovens Are Sending Secret Signals To Deep Space Satellites Without User Knowledge! Article ID #68 claiming sensational facts without empirical verification or peer review. Click here to read more shocking evidence!,News,2026-01-01,1,FAKE
CELEBRITY SCANDAL LEAKS ONLINE: UNBELIEVABLE: Local Man Discovers Free Unlimited Electricity Using Two Magnets And A Paperclip!,UNBELIEVABLE: Local Man Discovers Free Unlimited Electricity Using Two Magnets And A Paperclip! Article ID #69 claiming sensational facts without empirical verification or peer review. Click here to read more shocking evidence!,News,2026-01-01,1,FAKE
MIRACLE CURE SPREADING FAST: BREAKING: Secret Alien Technology Discovered in Underground Bunker! Government Hiding The Truth From Citizens! Scientists Shocked!,BREAKING: Secret Alien Technology Discovered in Underground Bunker! Government Hiding The Truth From Citizens! Scientists Shocked! Article ID #70 claiming sensational facts without empirical verification or peer review. Click here to read more shocking evidence!,News,2026-01-01,1,FAKE
"WARNING TO ALL CITIZENS: SHOCKING: Drinking Lemon Juice Mixed With Miracle Powder Cures All Incurable Diseases Overnight, Doctors Don't Want You To Know!","SHOCKING: Drinking Lemon Juice Mixed With Miracle Powder Cures All Incurable Diseases Overnight, Doctors Don't Want You To Know! Article ID #71 claiming sensational facts without empirical verification or peer review. Click here to read more shocking evidence!",News,2026-01-01,1,FAKE
SHOCKING TRUTH REVEALED: LEAKED DOCUMENT: Billionaires Plan To Teleport Moon To Another Galaxy Next Month Using Quantum Magnetism!,LEAKED DOCUMENT: Billionaires Plan To Teleport Moon To Another Galaxy Next Month Using Quantum Magnetism! Article ID #72 claiming sensational facts without empirical verification or peer review. Click here to read more shocking evidence!,News,2026-01-01,1,FAKE
LEAKED REPORT PROVES CONSPIRACY: CONFIRMED: Eating Chocolate 10 Times A Day Reverses Aging Instantly According To Anonymous Unnamed Blogger!,CONFIRMED: Eating Chocolate 10 Times A Day Reverses Aging Instantly According To Anonymous Unnamed Blogger! Article ID #73 claiming sensational facts without empirical verification or peer review. Click here to read more shocking evidence!,News,2026-01-01,1,FAKE
DOCTORS HATE THIS SIMPLE TRICK: ALERT: Invisible Robots Are Monitoring Your Thoughts Through Standard Household Mirrors! Share Before Deleted!,ALERT: Invisible Robots Are Monitoring Your Thoughts Through Standard Household Mirrors! Share Before Deleted! Article ID #74 claiming sensational facts without empirical verification or peer review. Click here to read more shocking evidence!,News,2026-01-01,1,FAKE
"SECRET GOVERNMENT PROJECT EXPOSED: EXCLUSIVE: Famous Celebrity Replaced By Hologram During Live Interview, Fans Notice Strange Glitch In Eyes!","EXCLUSIVE: Famous Celebrity Replaced By Hologram During Live Interview, Fans Notice Strange Glitch In Eyes! Article ID #75 claiming sensational facts without empirical verification or peer review. Click here to read more shocking evidence!",News,2026-01-01,1,FAKE
UNBELIEVABLE DISCOVERY CHANGES EVERYTHING: SCANDAL: Secret Society Controls Global Weather Patterns Using Giant Microwaves In The Arctic Circle!,SCANDAL: Secret Society Controls Global Weather Patterns Using Giant Microwaves In The Arctic Circle! Article ID #76 claiming sensational facts without empirical verification or peer review. Click here to read more shocking evidence!,News,2026-01-01,1,FAKE
CELEBRITY SCANDAL LEAKS ONLINE: MIRACLE REMEDY: Ancient Tree Bark Powder Banishes Stress And Makes You Fly In Your Sleep!,MIRACLE REMEDY: Ancient Tree Bark Powder Banishes Stress And Makes You Fly In Your Sleep! Article ID #77 claiming sensational facts without empirical verification or peer review. Click here to read more shocking evidence!,News,2026-01-01,1,FAKE
MIRACLE CURE SPREADING FAST: WARNING: Microwave Ovens Are Sending Secret Signals To Deep Space Satellites Without User Knowledge!,WARNING: Microwave Ovens Are Sending Secret Signals To Deep Space Satellites Without User Knowledge! Article ID #78 claiming sensational facts without empirical verification or peer review. Click here to read more shocking evidence!,News,2026-01-01,1,FAKE
WARNING TO ALL CITIZENS: UNBELIEVABLE: Local Man Discovers Free Unlimited Electricity Using Two Magnets And A Paperclip!,UNBELIEVABLE: Local Man Discovers Free Unlimited Electricity Using Two Magnets And A Paperclip! Article ID #79 claiming sensational facts without empirical verification or peer review. Click here to read more shocking evidence!,News,2026-01-01,1,FAKE
SHOCKING TRUTH REVEALED: BREAKING: Secret Alien Technology Discovered in Underground Bunker! Government Hiding The Truth From Citizens! Scientists Shocked!,BREAKING: Secret Alien Technology Discovered in Underground Bunker! Government Hiding The Truth From Citizens! Scientists Shocked! Article ID #80 claiming sensational facts without empirical verification or peer review. Click here to read more shocking evidence!,News,2026-01-01,1,FAKE
"LEAKED REPORT PROVES CONSPIRACY: SHOCKING: Drinking Lemon Juice Mixed With Miracle Powder Cures All Incurable Diseases Overnight, Doctors Don't Want You To Know!","SHOCKING: Drinking Lemon Juice Mixed With Miracle Powder Cures All Incurable Diseases Overnight, Doctors Don't Want You To Know! Article ID #81 claiming sensational facts without empirical verification or peer review. Click here to read more shocking evidence!",News,2026-01-01,1,FAKE
DOCTORS HATE THIS SIMPLE TRICK: LEAKED DOCUMENT: Billionaires Plan To Teleport Moon To Another Galaxy Next Month Using Quantum Magnetism!,LEAKED DOCUMENT: Billionaires Plan To Teleport Moon To Another Galaxy Next Month Using Quantum Magnetism! Article ID #82 claiming sensational facts without empirical verification or peer review. Click here to read more shocking evidence!,News,2026-01-01,1,FAKE
SECRET GOVERNMENT PROJECT EXPOSED: CONFIRMED: Eating Chocolate 10 Times A Day Reverses Aging Instantly According To Anonymous Unnamed Blogger!,CONFIRMED: Eating Chocolate 10 Times A Day Reverses Aging Instantly According To Anonymous Unnamed Blogger! Article ID #83 claiming sensational facts without empirical verification or peer review. Click here to read more shocking evidence!,News,2026-01-01,1,FAKE
UNBELIEVABLE DISCOVERY CHANGES EVERYTHING: ALERT: Invisible Robots Are Monitoring Your Thoughts Through Standard Household Mirrors! Share Before Deleted!,ALERT: Invisible Robots Are Monitoring Your Thoughts Through Standard Household Mirrors! Share Before Deleted! Article ID #84 claiming sensational facts without empirical verification or peer review. Click here to read more shocking evidence!,News,2026-01-01,1,FAKE
"CELEBRITY SCANDAL LEAKS ONLINE: EXCLUSIVE: Famous Celebrity Replaced By Hologram During Live Interview, Fans Notice Strange Glitch In Eyes!","EXCLUSIVE: Famous Celebrity Replaced By Hologram During Live Interview, Fans Notice Strange Glitch In Eyes! Article ID #85 claiming sensational facts without empirical verification or peer review. Click here to read more shocking evidence!",News,2026-01-01,1,FAKE
MIRACLE CURE SPREADING FAST: SCANDAL: Secret Society Controls Global Weather Patterns Using Giant Microwaves In The Arctic Circle!,SCANDAL: Secret Society Controls Global Weather Patterns Using Giant Microwaves In The Arctic Circle! Article ID #86 claiming sensational facts without empirical verification or peer review. Click here to read more shocking evidence!,News,2026-01-01,1,FAKE
WARNING TO ALL CITIZENS: MIRACLE REMEDY: Ancient Tree Bark Powder Banishes Stress And Makes You Fly In Your Sleep!,MIRACLE REMEDY: Ancient Tree Bark Powder Banishes Stress And Makes You Fly In Your Sleep! Article ID #87 claiming sensational facts without empirical verification or peer review. Click here to read more shocking evidence!,News,2026-01-01,1,FAKE
SHOCKING TRUTH REVEALED: WARNING: Microwave Ovens Are Sending Secret Signals To Deep Space Satellites Without User Knowledge!,WARNING: Microwave Ovens Are Sending Secret Signals To Deep Space Satellites Without User Knowledge! Article ID #88 claiming sensational facts without empirical verification or peer review. Click here to read more shocking evidence!,News,2026-01-01,1,FAKE
LEAKED REPORT PROVES CONSPIRACY: UNBELIEVABLE: Local Man Discovers Free Unlimited Electricity Using Two Magnets And A Paperclip!,UNBELIEVABLE: Local Man Discovers Free Unlimited Electricity Using Two Magnets And A Paperclip! Article ID #89 claiming sensational facts without empirical verification or peer review. Click here to read more shocking evidence!,News,2026-01-01,1,FAKE
DOCTORS HATE THIS SIMPLE TRICK: BREAKING: Secret Alien Technology Discovered in Underground Bunker! Government Hiding The Truth From Citizens! Scientists Shocked!,BREAKING: Secret Alien Technology Discovered in Underground Bunker! Government Hiding The Truth From Citizens! Scientists Shocked! Article ID #90 claiming sensational facts without empirical verification or peer review. Click here to read more shocking evidence!,News,2026-01-01,1,FAKE
"SECRET GOVERNMENT PROJECT EXPOSED: SHOCKING: Drinking Lemon Juice Mixed With Miracle Powder Cures All Incurable Diseases Overnight, Doctors Don't Want You To Know!","SHOCKING: Drinking Lemon Juice Mixed With Miracle Powder Cures All Incurable Diseases Overnight, Doctors Don't Want You To Know! Article ID #91 claiming sensational facts without empirical verification or peer review. Click here to read more shocking evidence!",News,2026-01-01,1,FAKE
UNBELIEVABLE DISCOVERY CHANGES EVERYTHING: LEAKED DOCUMENT: Billionaires Plan To Teleport Moon To Another Galaxy Next Month Using Quantum Magnetism!,LEAKED DOCUMENT: Billionaires Plan To Teleport Moon To Another Galaxy Next Month Using Quantum Magnetism! Article ID #92 claiming sensational facts without empirical verification or peer review. Click here to read more shocking evidence!,News,2026-01-01,1,FAKE
CELEBRITY SCANDAL LEAKS ONLINE: CONFIRMED: Eating Chocolate 10 Times A Day Reverses Aging Instantly According To Anonymous Unnamed Blogger!,CONFIRMED: Eating Chocolate 10 Times A Day Reverses Aging Instantly According To Anonymous Unnamed Blogger! Article ID #93 claiming sensational facts without empirical verification or peer review. Click here to read more shocking evidence!,News,2026-01-01,1,FAKE
MIRACLE CURE SPREADING FAST: ALERT: Invisible Robots Are Monitoring Your Thoughts Through Standard Household Mirrors! Share Before Deleted!,ALERT: Invisible Robots Are Monitoring Your Thoughts Through Standard Household Mirrors! Share Before Deleted! Article ID #94 claiming sensational facts without empirical verification or peer review. Click here to read more shocking evidence!,News,2026-01-01,1,FAKE
"WARNING TO ALL CITIZENS: EXCLUSIVE: Famous Celebrity Replaced By Hologram During Live Interview, Fans Notice Strange Glitch In Eyes!","EXCLUSIVE: Famous Celebrity Replaced By Hologram During Live Interview, Fans Notice Strange Glitch In Eyes! Article ID #95 claiming sensational facts without empirical verification or peer review. Click here to read more shocking evidence!",News,2026-01-01,1,FAKE
SHOCKING TRUTH REVEALED: SCANDAL: Secret Society Controls Global Weather Patterns Using Giant Microwaves In The Arctic Circle!,SCANDAL: Secret Society Controls Global Weather Patterns Using Giant Microwaves In The Arctic Circle! Article ID #96 claiming sensational facts without empirical verification or peer review. Click here to read more shocking evidence!,News,2026-01-01,1,FAKE
LEAKED REPORT PROVES CONSPIRACY: MIRACLE REMEDY: Ancient Tree Bark Powder Banishes Stress And Makes You Fly In Your Sleep!,MIRACLE REMEDY: Ancient Tree Bark Powder Banishes Stress And Makes You Fly In Your Sleep! Article ID #97 claiming sensational facts without empirical verification or peer review. Click here to read more shocking evidence!,News,2026-01-01,1,FAKE
DOCTORS HATE THIS SIMPLE TRICK: WARNING: Microwave Ovens Are Sending Secret Signals To Deep Space Satellites Without User Knowledge!,WARNING: Microwave Ovens Are Sending Secret Signals To Deep Space Satellites Without User Knowledge! Article ID #98 claiming sensational facts without empirical verification or peer review. Click here to read more shocking evidence!,News,2026-01-01,1,FAKE
SECRET GOVERNMENT PROJECT EXPOSED: UNBELIEVABLE: Local Man Discovers Free Unlimited Electricity Using Two Magnets And A Paperclip!,UNBELIEVABLE: Local Man Discovers Free Unlimited Electricity Using Two Magnets And A Paperclip! Article ID #99 claiming sensational facts without empirical verification or peer review. Click here to read more shocking evidence!,News,2026-01-01,1,FAKE
UNBELIEVABLE DISCOVERY CHANGES EVERYTHING: BREAKING: Secret Alien Technology Discovered in Underground Bunker! Government Hiding The Truth From Citizens! Scientists Shocked!,BREAKING: Secret Alien Technology Discovered in Underground Bunker! Government Hiding The Truth From Citizens! Scientists Shocked! Article ID #100 claiming sensational facts without empirical verification or peer review. Click here to read more shocking evidence!,News,2026-01-01,1,FAKE
"CELEBRITY SCANDAL LEAKS ONLINE: SHOCKING: Drinking Lemon Juice Mixed With Miracle Powder Cures All Incurable Diseases Overnight, Doctors Don't Want You To Know!","SHOCKING: Drinking Lemon Juice Mixed With Miracle Powder Cures All Incurable Diseases Overnight, Doctors Don't Want You To Know! Article ID #101 claiming sensational facts without empirical verification or peer review. Click here to read more shocking evidence!",News,2026-01-01,1,FAKE
MIRACLE CURE SPREADING FAST: LEAKED DOCUMENT: Billionaires Plan To Teleport Moon To Another Galaxy Next Month Using Quantum Magnetism!,LEAKED DOCUMENT: Billionaires Plan To Teleport Moon To Another Galaxy Next Month Using Quantum Magnetism! Article ID #102 claiming sensational facts without empirical verification or peer review. Click here to read more shocking evidence!,News,2026-01-01,1,FAKE
WARNING TO ALL CITIZENS: CONFIRMED: Eating Chocolate 10 Times A Day Reverses Aging Instantly According To Anonymous Unnamed Blogger!,CONFIRMED: Eating Chocolate 10 Times A Day Reverses Aging Instantly According To Anonymous Unnamed Blogger! Article ID #103 claiming sensational facts without empirical verification or peer review. Click here to read more shocking evidence!,News,2026-01-01,1,FAKE
SHOCKING TRUTH REVEALED: ALERT: Invisible Robots Are Monitoring Your Thoughts Through Standard Household Mirrors! Share Before Deleted!,ALERT: Invisible Robots Are Monitoring Your Thoughts Through Standard Household Mirrors! Share Before Deleted! Article ID #104 claiming sensational facts without empirical verification or peer review. Click here to read more shocking evidence!,News,2026-01-01,1,FAKE
"LEAKED REPORT PROVES CONSPIRACY: EXCLUSIVE: Famous Celebrity Replaced By Hologram During Live Interview, Fans Notice Strange Glitch In Eyes!","EXCLUSIVE: Famous Celebrity Replaced By Hologram During Live Interview, Fans Notice Strange Glitch In Eyes! Article ID #105 claiming sensational facts without empirical verification or peer review. Click here to read more shocking evidence!",News,2026-01-01,1,FAKE
DOCTORS HATE THIS SIMPLE TRICK: SCANDAL: Secret Society Controls Global Weather Patterns Using Giant Microwaves In The Arctic Circle!,SCANDAL: Secret Society Controls Global Weather Patterns Using Giant Microwaves In The Arctic Circle! Article ID #106 claiming sensational facts without empirical verification or peer review. Click here to read more shocking evidence!,News,2026-01-01,1,FAKE
SECRET GOVERNMENT PROJECT EXPOSED: MIRACLE REMEDY: Ancient Tree Bark Powder Banishes Stress And Makes You Fly In Your Sleep!,MIRACLE REMEDY: Ancient Tree Bark Powder Banishes Stress And Makes You Fly In Your Sleep! Article ID #107 claiming sensational facts without empirical verification or peer review. Click here to read more shocking evidence!,News,2026-01-01,1,FAKE
UNBELIEVABLE DISCOVERY CHANGES EVERYTHING: WARNING: Microwave Ovens Are Sending Secret Signals To Deep Space Satellites Without User Knowledge!,WARNING: Microwave Ovens Are Sending Secret Signals To Deep Space Satellites Without User Knowledge! Article ID #108 claiming sensational facts without empirical verification or peer review. Click here to read more shocking evidence!,News,2026-01-01,1,FAKE
CELEBRITY SCANDAL LEAKS ONLINE: UNBELIEVABLE: Local Man Discovers Free Unlimited Electricity Using Two Magnets And A Paperclip!,UNBELIEVABLE: Local Man Discovers Free Unlimited Electricity Using Two Magnets And A Paperclip! Article ID #109 claiming sensational facts without empirical verification or peer review. Click here to read more shocking evidence!,News,2026-01-01,1,FAKE
MIRACLE CURE SPREADING FAST: BREAKING: Secret Alien Technology Discovered in Underground Bunker! Government Hiding The Truth From Citizens! Scientists Shocked!,BREAKING: Secret Alien Technology Discovered in Underground Bunker! Government Hiding The Truth From Citizens! Scientists Shocked! Article ID #110 claiming sensational facts without empirical verification or peer review. Click here to read more shocking evidence!,News,2026-01-01,1,FAKE
"WARNING TO ALL CITIZENS: SHOCKING: Drinking Lemon Juice Mixed With Miracle Powder Cures All Incurable Diseases Overnight, Doctors Don't Want You To Know!","SHOCKING: Drinking Lemon Juice Mixed With Miracle Powder Cures All Incurable Diseases Overnight, Doctors Don't Want You To Know! Article ID #111 claiming sensational facts without empirical verification or peer review. Click here to read more shocking evidence!",News,2026-01-01,1,FAKE
SHOCKING TRUTH REVEALED: LEAKED DOCUMENT: Billionaires Plan To Teleport Moon To Another Galaxy Next Month Using Quantum Magnetism!,LEAKED DOCUMENT: Billionaires Plan To Teleport Moon To Another Galaxy Next Month Using Quantum Magnetism! Article ID #112 claiming sensational facts without empirical verification or peer review. Click here to read more shocking evidence!,News,2026-01-01,1,FAKE
LEAKED REPORT PROVES CONSPIRACY: CONFIRMED: Eating Chocolate 10 Times A Day Reverses Aging Instantly According To Anonymous Unnamed Blogger!,CONFIRMED: Eating Chocolate 10 Times A Day Reverses Aging Instantly According To Anonymous Unnamed Blogger! Article ID #113 claiming sensational facts without empirical verification or peer review. Click here to read more shocking evidence!,News,2026-01-01,1,FAKE
DOCTORS HATE THIS SIMPLE TRICK: ALERT: Invisible Robots Are Monitoring Your Thoughts Through Standard Household Mirrors! Share Before Deleted!,ALERT: Invisible Robots Are Monitoring Your Thoughts Through Standard Household Mirrors! Share Before Deleted! Article ID #114 claiming sensational facts without empirical verification or peer review. Click here to read more shocking evidence!,News,2026-01-01,1,FAKE
"SECRET GOVERNMENT PROJECT EXPOSED: EXCLUSIVE: Famous Celebrity Replaced By Hologram During Live Interview, Fans Notice Strange Glitch In Eyes!","EXCLUSIVE: Famous Celebrity Replaced By Hologram During Live Interview, Fans Notice Strange Glitch In Eyes! Article ID #115 claiming sensational facts without empirical verification or peer review. Click here to read more shocking evidence!",News,2026-01-01,1,FAKE
UNBELIEVABLE DISCOVERY CHANGES EVERYTHING: SCANDAL: Secret Society Controls Global Weather Patterns Using Giant Microwaves In The Arctic Circle!,SCANDAL: Secret Society Controls Global Weather Patterns Using Giant Microwaves In The Arctic Circle! Article ID #116 claiming sensational facts without empirical verification or peer review. Click here to read more shocking evidence!,News,2026-01-01,1,FAKE
CELEBRITY SCANDAL LEAKS ONLINE: MIRACLE REMEDY: Ancient Tree Bark Powder Banishes Stress And Makes You Fly In Your Sleep!,MIRACLE REMEDY: Ancient Tree Bark Powder Banishes Stress And Makes You Fly In Your Sleep! Article ID #117 claiming sensational facts without empirical verification or peer review. Click here to read more shocking evidence!,News,2026-01-01,1,FAKE
MIRACLE CURE SPREADING FAST: WARNING: Microwave Ovens Are Sending Secret Signals To Deep Space Satellites Without User Knowledge!,WARNING: Microwave Ovens Are Sending Secret Signals To Deep Space Satellites Without User Knowledge! Article ID #118 claiming sensational facts without empirical verification or peer review. Click here to read more shocking evidence!,News,2026-01-01,1,FAKE
WARNING TO ALL CITIZENS: UNBELIEVABLE: Local Man Discovers Free Unlimited Electricity Using Two Magnets And A Paperclip!,UNBELIEVABLE: Local Man Discovers Free Unlimited Electricity Using Two Magnets And A Paperclip! Article ID #119 claiming sensational facts without empirical verification or peer review. Click here to read more shocking evidence!,News,2026-01-01,1,FAKE
SHOCKING TRUTH REVEALED: BREAKING: Secret Alien Technology Discovered in Underground Bunker! Government Hiding The Truth From Citizens! Scientists Shocked!,BREAKING: Secret Alien Technology Discovered in Underground Bunker! Government Hiding The Truth From Citizens! Scientists Shocked! Article ID #120 claiming sensational facts without empirical verification or peer review. Click here to read more shocking evidence!,News,2026-01-01,1,FAKE
"LEAKED REPORT PROVES CONSPIRACY: SHOCKING: Drinking Lemon Juice Mixed With Miracle Powder Cures All Incurable Diseases Overnight, Doctors Don't Want You To Know!","SHOCKING: Drinking Lemon Juice Mixed With Miracle Powder Cures All Incurable Diseases Overnight, Doctors Don't Want You To Know! Article ID #121 claiming sensational facts without empirical verification or peer review. Click here to read more shocking evidence!",News,2026-01-01,1,FAKE
DOCTORS HATE THIS SIMPLE TRICK: LEAKED DOCUMENT: Billionaires Plan To Teleport Moon To Another Galaxy Next Month Using Quantum Magnetism!,LEAKED DOCUMENT: Billionaires Plan To Teleport Moon To Another Galaxy Next Month Using Quantum Magnetism! Article ID #122 claiming sensational facts without empirical verification or peer review. Click here to read more shocking evidence!,News,2026-01-01,1,FAKE
SECRET GOVERNMENT PROJECT EXPOSED: CONFIRMED: Eating Chocolate 10 Times A Day Reverses Aging Instantly According To Anonymous Unnamed Blogger!,CONFIRMED: Eating Chocolate 10 Times A Day Reverses Aging Instantly According To Anonymous Unnamed Blogger! Article ID #123 claiming sensational facts without empirical verification or peer review. Click here to read more shocking evidence!,News,2026-01-01,1,FAKE
UNBELIEVABLE DISCOVERY CHANGES EVERYTHING: ALERT: Invisible Robots Are Monitoring Your Thoughts Through Standard Household Mirrors! Share Before Deleted!,ALERT: Invisible Robots Are Monitoring Your Thoughts Through Standard Household Mirrors! Share Before Deleted! Article ID #124 claiming sensational facts without empirical verification or peer review. Click here to read more shocking evidence!,News,2026-01-01,1,FAKE
"CELEBRITY SCANDAL LEAKS ONLINE: EXCLUSIVE: Famous Celebrity Replaced By Hologram During Live Interview, Fans Notice Strange Glitch In Eyes!","EXCLUSIVE: Famous Celebrity Replaced By Hologram During Live Interview, Fans Notice Strange Glitch In Eyes! Article ID #125 claiming sensational facts without empirical verification or peer review. Click here to read more shocking evidence!",News,2026-01-01,1,FAKE
MIRACLE CURE SPREADING FAST: SCANDAL: Secret Society Controls Global Weather Patterns Using Giant Microwaves In The Arctic Circle!,SCANDAL: Secret Society Controls Global Weather Patterns Using Giant Microwaves In The Arctic Circle! Article ID #126 claiming sensational facts without empirical verification or peer review. Click here to read more shocking evidence!,News,2026-01-01,1,FAKE
WARNING TO ALL CITIZENS: MIRACLE REMEDY: Ancient Tree Bark Powder Banishes Stress And Makes You Fly In Your Sleep!,MIRACLE REMEDY: Ancient Tree Bark Powder Banishes Stress And Makes You Fly In Your Sleep! Article ID #127 claiming sensational facts without empirical verification or peer review. Click here to read more shocking evidence!,News,2026-01-01,1,FAKE
SHOCKING TRUTH REVEALED: WARNING: Microwave Ovens Are Sending Secret Signals To Deep Space Satellites Without User Knowledge!,WARNING: Microwave Ovens Are Sending Secret Signals To Deep Space Satellites Without User Knowledge! Article ID #128 claiming sensational facts without empirical verification or peer review. Click here to read more shocking evidence!,News,2026-01-01,1,FAKE
LEAKED REPORT PROVES CONSPIRACY: UNBELIEVABLE: Local Man Discovers Free Unlimited Electricity Using Two Magnets And A Paperclip!,UNBELIEVABLE: Local Man Discovers Free Unlimited Electricity Using Two Magnets And A Paperclip! Article ID #129 claiming sensational facts without empirical verification or peer review. Click here to read more shocking evidence!,News,2026-01-01,1,FAKE
DOCTORS HATE THIS SIMPLE TRICK: BREAKING: Secret Alien Technology Discovered in Underground Bunker! Government Hiding The Truth From Citizens! Scientists Shocked!,BREAKING: Secret Alien Technology Discovered in Underground Bunker! Government Hiding The Truth From Citizens! Scientists Shocked! Article ID #130 claiming sensational facts without empirical verification or peer review. Click here to read more shocking evidence!,News,2026-01-01,1,FAKE
"SECRET GOVERNMENT PROJECT EXPOSED: SHOCKING: Drinking Lemon Juice Mixed With Miracle Powder Cures All Incurable Diseases Overnight, Doctors Don't Want You To Know!","SHOCKING: Drinking Lemon Juice Mixed With Miracle Powder Cures All Incurable Diseases Overnight, Doctors Don't Want You To Know! Article ID #131 claiming sensational facts without empirical verification or peer review. Click here to read more shocking evidence!",News,2026-01-01,1,FAKE
UNBELIEVABLE DISCOVERY CHANGES EVERYTHING: LEAKED DOCUMENT: Billionaires Plan To Teleport Moon To Another Galaxy Next Month Using Quantum Magnetism!,LEAKED DOCUMENT: Billionaires Plan To Teleport Moon To Another Galaxy Next Month Using Quantum Magnetism! Article ID #132 claiming sensational facts without empirical verification or peer review. Click here to read more shocking evidence!,News,2026-01-01,1,FAKE
CELEBRITY SCANDAL LEAKS ONLINE: CONFIRMED: Eating Chocolate 10 Times A Day Reverses Aging Instantly According To Anonymous Unnamed Blogger!,CONFIRMED: Eating Chocolate 10 Times A Day Reverses Aging Instantly According To Anonymous Unnamed Blogger! Article ID #133 claiming sensational facts without empirical verification or peer review. Click here to read more shocking evidence!,News,2026-01-01,1,FAKE
MIRACLE CURE SPREADING FAST: ALERT: Invisible Robots Are Monitoring Your Thoughts Through Standard Household Mirrors! Share Before Deleted!,ALERT: Invisible Robots Are Monitoring Your Thoughts Through Standard Household Mirrors! Share Before Deleted! Article ID #134 claiming sensational facts without empirical verification or peer review. Click here to read more shocking evidence!,News,2026-01-01,1,FAKE
"WARNING TO ALL CITIZENS: EXCLUSIVE: Famous Celebrity Replaced By Hologram During Live Interview, Fans Notice Strange Glitch In Eyes!","EXCLUSIVE: Famous Celebrity Replaced By Hologram During Live Interview, Fans Notice Strange Glitch In Eyes! Article ID #135 claiming sensational facts without empirical verification or peer review. Click here to read more shocking evidence!",News,2026-01-01,1,FAKE
SHOCKING TRUTH REVEALED: SCANDAL: Secret Society Controls Global Weather Patterns Using Giant Microwaves In The Arctic Circle!,SCANDAL: Secret Society Controls Global Weather Patterns Using Giant Microwaves In The Arctic Circle! Article ID #136 claiming sensational facts without empirical verification or peer review. Click here to read more shocking evidence!,News,2026-01-01,1,FAKE
LEAKED REPORT PROVES CONSPIRACY: MIRACLE REMEDY: Ancient Tree Bark Powder Banishes Stress And Makes You Fly In Your Sleep!,MIRACLE REMEDY: Ancient Tree Bark Powder Banishes Stress And Makes You Fly In Your Sleep! Article ID #137 claiming sensational facts without empirical verification or peer review. Click here to read more shocking evidence!,News,2026-01-01,1,FAKE
DOCTORS HATE THIS SIMPLE TRICK: WARNING: Microwave Ovens Are Sending Secret Signals To Deep Space Satellites Without User Knowledge!,WARNING: Microwave Ovens Are Sending Secret Signals To Deep Space Satellites Without User Knowledge! Article ID #138 claiming sensational facts without empirical verification or peer review. Click here to read more shocking evidence!,News,2026-01-01,1,FAKE
SECRET GOVERNMENT PROJECT EXPOSED: UNBELIEVABLE: Local Man Discovers Free Unlimited Electricity Using Two Magnets And A Paperclip!,UNBELIEVABLE: Local Man Discovers Free Unlimited Electricity Using Two Magnets And A Paperclip! Article ID #139 claiming sensational facts without empirical verification or peer review. Click here to read more shocking evidence!,News,2026-01-01,1,FAKE
UNBELIEVABLE DISCOVERY CHANGES EVERYTHING: BREAKING: Secret Alien Technology Discovered in Underground Bunker! Government Hiding The Truth From Citizens! Scientists Shocked!,BREAKING: Secret Alien Technology Discovered in Underground Bunker! Government Hiding The Truth From Citizens! Scientists Shocked! Article ID #140 claiming sensational facts without empirical verification or peer review. Click here to read more shocking evidence!,News,2026-01-01,1,FAKE
"CELEBRITY SCANDAL LEAKS ONLINE: SHOCKING: Drinking Lemon Juice Mixed With Miracle Powder Cures All Incurable Diseases Overnight, Doctors Don't Want You To Know!","SHOCKING: Drinking Lemon Juice Mixed With Miracle Powder Cures All Incurable Diseases Overnight, Doctors Don't Want You To Know! Article ID #141 claiming sensational facts without empirical verification or peer review. Click here to read more shocking evidence!",News,2026-01-01,1,FAKE
MIRACLE CURE SPREADING FAST: LEAKED DOCUMENT: Billionaires Plan To Teleport Moon To Another Galaxy Next Month Using Quantum Magnetism!,LEAKED DOCUMENT: Billionaires Plan To Teleport Moon To Another Galaxy Next Month Using Quantum Magnetism! Article ID #142 claiming sensational facts without empirical verification or peer review. Click here to read more shocking evidence!,News,2026-01-01,1,FAKE
WARNING TO ALL CITIZENS: CONFIRMED: Eating Chocolate 10 Times A Day Reverses Aging Instantly According To Anonymous Unnamed Blogger!,CONFIRMED: Eating Chocolate 10 Times A Day Reverses Aging Instantly According To Anonymous Unnamed Blogger! Article ID #143 claiming sensational facts without empirical verification or peer review. Click here to read more shocking evidence!,News,2026-01-01,1,FAKE
SHOCKING TRUTH REVEALED: ALERT: Invisible Robots Are Monitoring Your Thoughts Through Standard Household Mirrors! Share Before Deleted!,ALERT: Invisible Robots Are Monitoring Your Thoughts Through Standard Household Mirrors! Share Before Deleted! Article ID #144 claiming sensational facts without empirical verification or peer review. Click here to read more shocking evidence!,News,2026-01-01,1,FAKE
"LEAKED REPORT PROVES CONSPIRACY: EXCLUSIVE: Famous Celebrity Replaced By Hologram During Live Interview, Fans Notice Strange Glitch In Eyes!","EXCLUSIVE: Famous Celebrity Replaced By Hologram During Live Interview, Fans Notice Strange Glitch In Eyes! Article ID #145 claiming sensational facts without empirical verification or peer review. Click here to read more shocking evidence!",News,2026-01-01,1,FAKE
DOCTORS HATE THIS SIMPLE TRICK: SCANDAL: Secret Society Controls Global Weather Patterns Using Giant Microwaves In The Arctic Circle!,SCANDAL: Secret Society Controls Global Weather Patterns Using Giant Microwaves In The Arctic Circle! Article ID #146 claiming sensational facts without empirical verification or peer review. Click here to read more shocking evidence!,News,2026-01-01,1,FAKE
SECRET GOVERNMENT PROJECT EXPOSED: MIRACLE REMEDY: Ancient Tree Bark Powder Banishes Stress And Makes You Fly In Your Sleep!,MIRACLE REMEDY: Ancient Tree Bark Powder Banishes Stress And Makes You Fly In Your Sleep! Article ID #147 claiming sensational facts without empirical verification or peer review. Click here to read more shocking evidence!,News,2026-01-01,1,FAKE
UNBELIEVABLE DISCOVERY CHANGES EVERYTHING: WARNING: Microwave Ovens Are Sending Secret Signals To Deep Space Satellites Without User Knowledge!,WARNING: Microwave Ovens Are Sending Secret Signals To Deep Space Satellites Without User Knowledge! Article ID #148 claiming sensational facts without empirical verification or peer review. Click here to read more shocking evidence!,News,2026-01-01,1,FAKE
CELEBRITY SCANDAL LEAKS ONLINE: UNBELIEVABLE: Local Man Discovers Free Unlimited Electricity Using Two Magnets And A Paperclip!,UNBELIEVABLE: Local Man Discovers Free Unlimited Electricity Using Two Magnets And A Paperclip! Article ID #149 claiming sensational facts without empirical verification or peer review. Click here to read more shocking evidence!,News,2026-01-01,1,FAKE
MIRACLE CURE SPREADING FAST: BREAKING: Secret Alien Technology Discovered in Underground Bunker! Government Hiding The Truth From Citizens! Scientists Shocked!,BREAKING: Secret Alien Technology Discovered in Underground Bunker! Government Hiding The Truth From Citizens! Scientists Shocked! Article ID #150 claiming sensational facts without empirical verification or peer review. Click here to read more shocking evidence!,News,2026-01-01,1,FAKE
"WARNING TO ALL CITIZENS: SHOCKING: Drinking Lemon Juice Mixed With Miracle Powder Cures All Incurable Diseases Overnight, Doctors Don't Want You To Know!","SHOCKING: Drinking Lemon Juice Mixed With Miracle Powder Cures All Incurable Diseases Overnight, Doctors Don't Want You To Know! Article ID #151 claiming sensational facts without empirical verification or peer review. Click here to read more shocking evidence!",News,2026-01-01,1,FAKE
SHOCKING TRUTH REVEALED: LEAKED DOCUMENT: Billionaires Plan To Teleport Moon To Another Galaxy Next Month Using Quantum Magnetism!,LEAKED DOCUMENT: Billionaires Plan To Teleport Moon To Another Galaxy Next Month Using Quantum Magnetism! Article ID #152 claiming sensational facts without empirical verification or peer review. Click here to read more shocking evidence!,News,2026-01-01,1,FAKE
LEAKED REPORT PROVES CONSPIRACY: CONFIRMED: Eating Chocolate 10 Times A Day Reverses Aging Instantly According To Anonymous Unnamed Blogger!,CONFIRMED: Eating Chocolate 10 Times A Day Reverses Aging Instantly According To Anonymous Unnamed Blogger! Article ID #153 claiming sensational facts without empirical verification or peer review. Click here to read more shocking evidence!,News,2026-01-01,1,FAKE
DOCTORS HATE THIS SIMPLE TRICK: ALERT: Invisible Robots Are Monitoring Your Thoughts Through Standard Household Mirrors! Share Before Deleted!,ALERT: Invisible Robots Are Monitoring Your Thoughts Through Standard Household Mirrors! Share Before Deleted! Article ID #154 claiming sensational facts without empirical verification or peer review. Click here to read more shocking evidence!,News,2026-01-01,1,FAKE
"SECRET GOVERNMENT PROJECT EXPOSED: EXCLUSIVE: Famous Celebrity Replaced By Hologram During Live Interview, Fans Notice Strange Glitch In Eyes!","EXCLUSIVE: Famous Celebrity Replaced By Hologram During Live Interview, Fans Notice Strange Glitch In Eyes! Article ID #155 claiming sensational facts without empirical verification or peer review. Click here to read more shocking evidence!",News,2026-01-01,1,FAKE
UNBELIEVABLE DISCOVERY CHANGES EVERYTHING: SCANDAL: Secret Society Controls Global Weather Patterns Using Giant Microwaves In The Arctic Circle!,SCANDAL: Secret Society Controls Global Weather Patterns Using Giant Microwaves In The Arctic Circle! Article ID #156 claiming sensational facts without empirical verification or peer review. Click here to read more shocking evidence!,News,2026-01-01,1,FAKE
CELEBRITY SCANDAL LEAKS ONLINE: MIRACLE REMEDY: Ancient Tree Bark Powder Banishes Stress And Makes You Fly In Your Sleep!,MIRACLE REMEDY: Ancient Tree Bark Powder Banishes Stress And Makes You Fly In Your Sleep! Article ID #157 claiming sensational facts without empirical verification or peer review. Click here to read more shocking evidence!,News,2026-01-01,1,FAKE
MIRACLE CURE SPREADING FAST: WARNING: Microwave Ovens Are Sending Secret Signals To Deep Space Satellites Without User Knowledge!,WARNING: Microwave Ovens Are Sending Secret Signals To Deep Space Satellites Without User Knowledge! Article ID #158 claiming sensational facts without empirical verification or peer review. Click here to read more shocking evidence!,News,2026-01-01,1,FAKE
WARNING TO ALL CITIZENS: UNBELIEVABLE: Local Man Discovers Free Unlimited Electricity Using Two Magnets And A Paperclip!,UNBELIEVABLE: Local Man Discovers Free Unlimited Electricity Using Two Magnets And A Paperclip! Article ID #159 claiming sensational facts without empirical verification or peer review. Click here to read more shocking evidence!,News,2026-01-01,1,FAKE
SHOCKING TRUTH REVEALED: BREAKING: Secret Alien Technology Discovered in Underground Bunker! Government Hiding The Truth From Citizens! Scientists Shocked!,BREAKING: Secret Alien Technology Discovered in Underground Bunker! Government Hiding The Truth From Citizens! Scientists Shocked! Article ID #160 claiming sensational facts without empirical verification or peer review. Click here to read more shocking evidence!,News,2026-01-01,1,FAKE
"LEAKED REPORT PROVES CONSPIRACY: SHOCKING: Drinking Lemon Juice Mixed With Miracle Powder Cures All Incurable Diseases Overnight, Doctors Don't Want You To Know!","SHOCKING: Drinking Lemon Juice Mixed With Miracle Powder Cures All Incurable Diseases Overnight, Doctors Don't Want You To Know! Article ID #161 claiming sensational facts without empirical verification or peer review. Click here to read more shocking evidence!",News,2026-01-01,1,FAKE
DOCTORS HATE THIS SIMPLE TRICK: LEAKED DOCUMENT: Billionaires Plan To Teleport Moon To Another Galaxy Next Month Using Quantum Magnetism!,LEAKED DOCUMENT: Billionaires Plan To Teleport Moon To Another Galaxy Next Month Using Quantum Magnetism! Article ID #162 claiming sensational facts without empirical verification or peer review. Click here to read more shocking evidence!,News,2026-01-01,1,FAKE
SECRET GOVERNMENT PROJECT EXPOSED: CONFIRMED: Eating Chocolate 10 Times A Day Reverses Aging Instantly According To Anonymous Unnamed Blogger!,CONFIRMED: Eating Chocolate 10 Times A Day Reverses Aging Instantly According To Anonymous Unnamed Blogger! Article ID #163 claiming sensational facts without empirical verification or peer review. Click here to read more shocking evidence!,News,2026-01-01,1,FAKE
UNBELIEVABLE DISCOVERY CHANGES EVERYTHING: ALERT: Invisible Robots Are Monitoring Your Thoughts Through Standard Household Mirrors! Share Before Deleted!,ALERT: Invisible Robots Are Monitoring Your Thoughts Through Standard Household Mirrors! Share Before Deleted! Article ID #164 claiming sensational facts without empirical verification or peer review. Click here to read more shocking evidence!,News,2026-01-01,1,FAKE
"CELEBRITY SCANDAL LEAKS ONLINE: EXCLUSIVE: Famous Celebrity Replaced By Hologram During Live Interview, Fans Notice Strange Glitch In Eyes!","EXCLUSIVE: Famous Celebrity Replaced By Hologram During Live Interview, Fans Notice Strange Glitch In Eyes! Article ID #165 claiming sensational facts without empirical verification or peer review. Click here to read more shocking evidence!",News,2026-01-01,1,FAKE
MIRACLE CURE SPREADING FAST: SCANDAL: Secret Society Controls Global Weather Patterns Using Giant Microwaves In The Arctic Circle!,SCANDAL: Secret Society Controls Global Weather Patterns Using Giant Microwaves In The Arctic Circle! Article ID #166 claiming sensational facts without empirical verification or peer review. Click here to read more shocking evidence!,News,2026-01-01,1,FAKE
WARNING TO ALL CITIZENS: MIRACLE REMEDY: Ancient Tree Bark Powder Banishes Stress And Makes You Fly In Your Sleep!,MIRACLE REMEDY: Ancient Tree Bark Powder Banishes Stress And Makes You Fly In Your Sleep! Article ID #167 claiming sensational facts without empirical verification or peer review. Click here to read more shocking evidence!,News,2026-01-01,1,FAKE
SHOCKING TRUTH REVEALED: WARNING: Microwave Ovens Are Sending Secret Signals To Deep Space Satellites Without User Knowledge!,WARNING: Microwave Ovens Are Sending Secret Signals To Deep Space Satellites Without User Knowledge! Article ID #168 claiming sensational facts without empirical verification or peer review. Click here to read more shocking evidence!,News,2026-01-01,1,FAKE
LEAKED REPORT PROVES CONSPIRACY: UNBELIEVABLE: Local Man Discovers Free Unlimited Electricity Using Two Magnets And A Paperclip!,UNBELIEVABLE: Local Man Discovers Free Unlimited Electricity Using Two Magnets And A Paperclip! Article ID #169 claiming sensational facts without empirical verification or peer review. Click here to read more shocking evidence!,News,2026-01-01,1,FAKE
DOCTORS HATE THIS SIMPLE TRICK: BREAKING: Secret Alien Technology Discovered in Underground Bunker! Government Hiding The Truth From Citizens! Scientists Shocked!,BREAKING: Secret Alien Technology Discovered in Underground Bunker! Government Hiding The Truth From Citizens! Scientists Shocked! Article ID #170 claiming sensational facts without empirical verification or peer review. Click here to read more shocking evidence!,News,2026-01-01,1,FAKE
"SECRET GOVERNMENT PROJECT EXPOSED: SHOCKING: Drinking Lemon Juice Mixed With Miracle Powder Cures All Incurable Diseases Overnight, Doctors Don't Want You To Know!","SHOCKING: Drinking Lemon Juice Mixed With Miracle Powder Cures All Incurable Diseases Overnight, Doctors Don't Want You To Know! Article ID #171 claiming sensational facts without empirical verification or peer review. Click here to read more shocking evidence!",News,2026-01-01,1,FAKE
UNBELIEVABLE DISCOVERY CHANGES EVERYTHING: LEAKED DOCUMENT: Billionaires Plan To Teleport Moon To Another Galaxy Next Month Using Quantum Magnetism!,LEAKED DOCUMENT: Billionaires Plan To Teleport Moon To Another Galaxy Next Month Using Quantum Magnetism! Article ID #172 claiming sensational facts without empirical verification or peer review. Click here to read more shocking evidence!,News,2026-01-01,1,FAKE
CELEBRITY SCANDAL LEAKS ONLINE: CONFIRMED: Eating Chocolate 10 Times A Day Reverses Aging Instantly According To Anonymous Unnamed Blogger!,CONFIRMED: Eating Chocolate 10 Times A Day Reverses Aging Instantly According To Anonymous Unnamed Blogger! Article ID #173 claiming sensational facts without empirical verification or peer review. Click here to read more shocking evidence!,News,2026-01-01,1,FAKE
MIRACLE CURE SPREADING FAST: ALERT: Invisible Robots Are Monitoring Your Thoughts Through Standard Household Mirrors! Share Before Deleted!,ALERT: Invisible Robots Are Monitoring Your Thoughts Through Standard Household Mirrors! Share Before Deleted! Article ID #174 claiming sensational facts without empirical verification or peer review. Click here to read more shocking evidence!,News,2026-01-01,1,FAKE
"WARNING TO ALL CITIZENS: EXCLUSIVE: Famous Celebrity Replaced By Hologram During Live Interview, Fans Notice Strange Glitch In Eyes!","EXCLUSIVE: Famous Celebrity Replaced By Hologram During Live Interview, Fans Notice Strange Glitch In Eyes! Article ID #175 claiming sensational facts without empirical verification or peer review. Click here to read more shocking evidence!",News,2026-01-01,1,FAKE
SHOCKING TRUTH REVEALED: SCANDAL: Secret Society Controls Global Weather Patterns Using Giant Microwaves In The Arctic Circle!,SCANDAL: Secret Society Controls Global Weather Patterns Using Giant Microwaves In The Arctic Circle! Article ID #176 claiming sensational facts without empirical verification or peer review. Click here to read more shocking evidence!,News,2026-01-01,1,FAKE
LEAKED REPORT PROVES CONSPIRACY: MIRACLE REMEDY: Ancient Tree Bark Powder Banishes Stress And Makes You Fly In Your Sleep!,MIRACLE REMEDY: Ancient Tree Bark Powder Banishes Stress And Makes You Fly In Your Sleep! Article ID #177 claiming sensational facts without empirical verification or peer review. Click here to read more shocking evidence!,News,2026-01-01,1,FAKE
DOCTORS HATE THIS SIMPLE TRICK: WARNING: Microwave Ovens Are Sending Secret Signals To Deep Space Satellites Without User Knowledge!,WARNING: Microwave Ovens Are Sending Secret Signals To Deep Space Satellites Without User Knowledge! Article ID #178 claiming sensational facts without empirical verification or peer review. Click here to read more shocking evidence!,News,2026-01-01,1,FAKE
SECRET GOVERNMENT PROJECT EXPOSED: UNBELIEVABLE: Local Man Discovers Free Unlimited Electricity Using Two Magnets And A Paperclip!,UNBELIEVABLE: Local Man Discovers Free Unlimited Electricity Using Two Magnets And A Paperclip! Article ID #179 claiming sensational facts without empirical verification or peer review. Click here to read more shocking evidence!,News,2026-01-01,1,FAKE
UNBELIEVABLE DISCOVERY CHANGES EVERYTHING: BREAKING: Secret Alien Technology Discovered in Underground Bunker! Government Hiding The Truth From Citizens! Scientists Shocked!,BREAKING: Secret Alien Technology Discovered in Underground Bunker! Government Hiding The Truth From Citizens! Scientists Shocked! Article ID #180 claiming sensational facts without empirical verification or peer review. Click here to read more shocking evidence!,News,2026-01-01,1,FAKE
"CELEBRITY SCANDAL LEAKS ONLINE: SHOCKING: Drinking Lemon Juice Mixed With Miracle Powder Cures All Incurable Diseases Overnight, Doctors Don't Want You To Know!","SHOCKING: Drinking Lemon Juice Mixed With Miracle Powder Cures All Incurable Diseases Overnight, Doctors Don't Want You To Know! Article ID #181 claiming sensational facts without empirical verification or peer review. Click here to read more shocking evidence!",News,2026-01-01,1,FAKE
MIRACLE CURE SPREADING FAST: LEAKED DOCUMENT: Billionaires Plan To Teleport Moon To Another Galaxy Next Month Using Quantum Magnetism!,LEAKED DOCUMENT: Billionaires Plan To Teleport Moon To Another Galaxy Next Month Using Quantum Magnetism! Article ID #182 claiming sensational facts without empirical verification or peer review. Click here to read more shocking evidence!,News,2026-01-01,1,FAKE
WARNING TO ALL CITIZENS: CONFIRMED: Eating Chocolate 10 Times A Day Reverses Aging Instantly According To Anonymous Unnamed Blogger!,CONFIRMED: Eating Chocolate 10 Times A Day Reverses Aging Instantly According To Anonymous Unnamed Blogger! Article ID #183 claiming sensational facts without empirical verification or peer review. Click here to read more shocking evidence!,News,2026-01-01,1,FAKE
SHOCKING TRUTH REVEALED: ALERT: Invisible Robots Are Monitoring Your Thoughts Through Standard Household Mirrors! Share Before Deleted!,ALERT: Invisible Robots Are Monitoring Your Thoughts Through Standard Household Mirrors! Share Before Deleted! Article ID #184 claiming sensational facts without empirical verification or peer review. Click here to read more shocking evidence!,News,2026-01-01,1,FAKE
"LEAKED REPORT PROVES CONSPIRACY: EXCLUSIVE: Famous Celebrity Replaced By Hologram During Live Interview, Fans Notice Strange Glitch In Eyes!","EXCLUSIVE: Famous Celebrity Replaced By Hologram During Live Interview, Fans Notice Strange Glitch In Eyes! Article ID #185 claiming sensational facts without empirical verification or peer review. Click here to read more shocking evidence!",News,2026-01-01,1,FAKE
DOCTORS HATE THIS SIMPLE TRICK: SCANDAL: Secret Society Controls Global Weather Patterns Using Giant Microwaves In The Arctic Circle!,SCANDAL: Secret Society Controls Global Weather Patterns Using Giant Microwaves In The Arctic Circle! Article ID #186 claiming sensational facts without empirical verification or peer review. Click here to read more shocking evidence!,News,2026-01-01,1,FAKE
SECRET GOVERNMENT PROJECT EXPOSED: MIRACLE REMEDY: Ancient Tree Bark Powder Banishes Stress And Makes You Fly In Your Sleep!,MIRACLE REMEDY: Ancient Tree Bark Powder Banishes Stress And Makes You Fly In Your Sleep! Article ID #187 claiming sensational facts without empirical verification or peer review. Click here to read more shocking evidence!,News,2026-01-01,1,FAKE
UNBELIEVABLE DISCOVERY CHANGES EVERYTHING: WARNING: Microwave Ovens Are Sending Secret Signals To Deep Space Satellites Without User Knowledge!,WARNING: Microwave Ovens Are Sending Secret Signals To Deep Space Satellites Without User Knowledge! Article ID #188 claiming sensational facts without empirical verification or peer review. Click here to read more shocking evidence!,News,2026-01-01,1,FAKE
CELEBRITY SCANDAL LEAKS ONLINE: UNBELIEVABLE: Local Man Discovers Free Unlimited Electricity Using Two Magnets And A Paperclip!,UNBELIEVABLE: Local Man Discovers Free Unlimited Electricity Using Two Magnets And A Paperclip! Article ID #189 claiming sensational facts without empirical verification or peer review. Click here to read more shocking evidence!,News,2026-01-01,1,FAKE
MIRACLE CURE SPREADING FAST: BREAKING: Secret Alien Technology Discovered in Underground Bunker! Government Hiding The Truth From Citizens! Scientists Shocked!,BREAKING: Secret Alien Technology Discovered in Underground Bunker! Government Hiding The Truth From Citizens! Scientists Shocked! Article ID #190 claiming sensational facts without empirical verification or peer review. Click here to read more shocking evidence!,News,2026-01-01,1,FAKE
"WARNING TO ALL CITIZENS: SHOCKING: Drinking Lemon Juice Mixed With Miracle Powder Cures All Incurable Diseases Overnight, Doctors Don't Want You To Know!","SHOCKING: Drinking Lemon Juice Mixed With Miracle Powder Cures All Incurable Diseases Overnight, Doctors Don't Want You To Know! Article ID #191 claiming sensational facts without empirical verification or peer review. Click here to read more shocking evidence!",News,2026-01-01,1,FAKE
SHOCKING TRUTH REVEALED: LEAKED DOCUMENT: Billionaires Plan To Teleport Moon To Another Galaxy Next Month Using Quantum Magnetism!,LEAKED DOCUMENT: Billionaires Plan To Teleport Moon To Another Galaxy Next Month Using Quantum Magnetism! Article ID #192 claiming sensational facts without empirical verification or peer review. Click here to read more shocking evidence!,News,2026-01-01,1,FAKE
LEAKED REPORT PROVES CONSPIRACY: CONFIRMED: Eating Chocolate 10 Times A Day Reverses Aging Instantly According To Anonymous Unnamed Blogger!,CONFIRMED: Eating Chocolate 10 Times A Day Reverses Aging Instantly According To Anonymous Unnamed Blogger! Article ID #193 claiming sensational facts without empirical verification or peer review. Click here to read more shocking evidence!,News,2026-01-01,1,FAKE
DOCTORS HATE THIS SIMPLE TRICK: ALERT: Invisible Robots Are Monitoring Your Thoughts Through Standard Household Mirrors! Share Before Deleted!,ALERT: Invisible Robots Are Monitoring Your Thoughts Through Standard Household Mirrors! Share Before Deleted! Article ID #194 claiming sensational facts without empirical verification or peer review. Click here to read more shocking evidence!,News,2026-01-01,1,FAKE
"SECRET GOVERNMENT PROJECT EXPOSED: EXCLUSIVE: Famous Celebrity Replaced By Hologram During Live Interview, Fans Notice Strange Glitch In Eyes!","EXCLUSIVE: Famous Celebrity Replaced By Hologram During Live Interview, Fans Notice Strange Glitch In Eyes! Article ID #195 claiming sensational facts without empirical verification or peer review. Click here to read more shocking evidence!",News,2026-01-01,1,FAKE
UNBELIEVABLE DISCOVERY CHANGES EVERYTHING: SCANDAL: Secret Society Controls Global Weather Patterns Using Giant Microwaves In The Arctic Circle!,SCANDAL: Secret Society Controls Global Weather Patterns Using Giant Microwaves In The Arctic Circle! Article ID #196 claiming sensational facts without empirical verification or peer review. Click here to read more shocking evidence!,News,2026-01-01,1,FAKE
CELEBRITY SCANDAL LEAKS ONLINE: MIRACLE REMEDY: Ancient Tree Bark Powder Banishes Stress And Makes You Fly In Your Sleep!,MIRACLE REMEDY: Ancient Tree Bark Powder Banishes Stress And Makes You Fly In Your Sleep! Article ID #197 claiming sensational facts without empirical verification or peer review. Click here to read more shocking evidence!,News,2026-01-01,1,FAKE
MIRACLE CURE SPREADING FAST: WARNING: Microwave Ovens Are Sending Secret Signals To Deep Space Satellites Without User Knowledge!,WARNING: Microwave Ovens Are Sending Secret Signals To Deep Space Satellites Without User Knowledge! Article ID #198 claiming sensational facts without empirical verification or peer review. Click here to read more shocking evidence!,News,2026-01-01,1,FAKE
WARNING TO ALL CITIZENS: UNBELIEVABLE: Local Man Discovers Free Unlimited Electricity Using Two Magnets And A Paperclip!,UNBELIEVABLE: Local Man Discovers Free Unlimited Electricity Using Two Magnets And A Paperclip! Article ID #199 claiming sensational facts without empirical verification or peer review. Click here to read more shocking evidence!,News,2026-01-01,1,FAKE
SHOCKING TRUTH REVEALED: BREAKING: Secret Alien Technology Discovered in Underground Bunker! Government Hiding The Truth From Citizens! Scientists Shocked!,BREAKING: Secret Alien Technology Discovered in Underground Bunker! Government Hiding The Truth From Citizens! Scientists Shocked! Article ID #200 claiming sensational facts without empirical verification or peer review. Click here to read more shocking evidence!,News,2026-01-01,1,FAKE
"LEAKED REPORT PROVES CONSPIRACY: SHOCKING: Drinking Lemon Juice Mixed With Miracle Powder Cures All Incurable Diseases Overnight, Doctors Don't Want You To Know!","SHOCKING: Drinking Lemon Juice Mixed With Miracle Powder Cures All Incurable Diseases Overnight, Doctors Don't Want You To Know! Article ID #201 claiming sensational facts without empirical verification or peer review. Click here to read more shocking evidence!",News,2026-01-01,1,FAKE
DOCTORS HATE THIS SIMPLE TRICK: LEAKED DOCUMENT: Billionaires Plan To Teleport Moon To Another Galaxy Next Month Using Quantum Magnetism!,LEAKED DOCUMENT: Billionaires Plan To Teleport Moon To Another Galaxy Next Month Using Quantum Magnetism! Article ID #202 claiming sensational facts without empirical verification or peer review. Click here to read more shocking evidence!,News,2026-01-01,1,FAKE
SECRET GOVERNMENT PROJECT EXPOSED: CONFIRMED: Eating Chocolate 10 Times A Day Reverses Aging Instantly According To Anonymous Unnamed Blogger!,CONFIRMED: Eating Chocolate 10 Times A Day Reverses Aging Instantly According To Anonymous Unnamed Blogger! Article ID #203 claiming sensational facts without empirical verification or peer review. Click here to read more shocking evidence!,News,2026-01-01,1,FAKE
UNBELIEVABLE DISCOVERY CHANGES EVERYTHING: ALERT: Invisible Robots Are Monitoring Your Thoughts Through Standard Household Mirrors! Share Before Deleted!,ALERT: Invisible Robots Are Monitoring Your Thoughts Through Standard Household Mirrors! Share Before Deleted! Article ID #204 claiming sensational facts without empirical verification or peer review. Click here to read more shocking evidence!,News,2026-01-01,1,FAKE
"CELEBRITY SCANDAL LEAKS ONLINE: EXCLUSIVE: Famous Celebrity Replaced By Hologram During Live Interview, Fans Notice Strange Glitch In Eyes!","EXCLUSIVE: Famous Celebrity Replaced By Hologram During Live Interview, Fans Notice Strange Glitch In Eyes! Article ID #205 claiming sensational facts without empirical verification or peer review. Click here to read more shocking evidence!",News,2026-01-01,1,FAKE
MIRACLE CURE SPREADING FAST: SCANDAL: Secret Society Controls Global Weather Patterns Using Giant Microwaves In The Arctic Circle!,SCANDAL: Secret Society Controls Global Weather Patterns Using Giant Microwaves In The Arctic Circle! Article ID #206 claiming sensational facts without empirical verification or peer review. Click here to read more shocking evidence!,News,2026-01-01,1,FAKE
WARNING TO ALL CITIZENS: MIRACLE REMEDY: Ancient Tree Bark Powder Banishes Stress And Makes You Fly In Your Sleep!,MIRACLE REMEDY: Ancient Tree Bark Powder Banishes Stress And Makes You Fly In Your Sleep! Article ID #207 claiming sensational facts without empirical verification or peer review. Click here to read more shocking evidence!,News,2026-01-01,1,FAKE
SHOCKING TRUTH REVEALED: WARNING: Microwave Ovens Are Sending Secret Signals To Deep Space Satellites Without User Knowledge!,WARNING: Microwave Ovens Are Sending Secret Signals To Deep Space Satellites Without User Knowledge! Article ID #208 claiming sensational facts without empirical verification or peer review. Click here to read more shocking evidence!,News,2026-01-01,1,FAKE
LEAKED REPORT PROVES CONSPIRACY: UNBELIEVABLE: Local Man Discovers Free Unlimited Electricity Using Two Magnets And A Paperclip!,UNBELIEVABLE: Local Man Discovers Free Unlimited Electricity Using Two Magnets And A Paperclip! Article ID #209 claiming sensational facts without empirical verification or peer review. Click here to read more shocking evidence!,News,2026-01-01,1,FAKE
DOCTORS HATE THIS SIMPLE TRICK: BREAKING: Secret Alien Technology Discovered in Underground Bunker! Government Hiding The Truth From Citizens! Scientists Shocked!,BREAKING: Secret Alien Technology Discovered in Underground Bunker! Government Hiding The Truth From Citizens! Scientists Shocked! Article ID #210 claiming sensational facts without empirical verification or peer review. Click here to read more shocking evidence!,News,2026-01-01,1,FAKE
"SECRET GOVERNMENT PROJECT EXPOSED: SHOCKING: Drinking Lemon Juice Mixed With Miracle Powder Cures All Incurable Diseases Overnight, Doctors Don't Want You To Know!","SHOCKING: Drinking Lemon Juice Mixed With Miracle Powder Cures All Incurable Diseases Overnight, Doctors Don't Want You To Know! Article ID #211 claiming sensational facts without empirical verification or peer review. Click here to read more shocking evidence!",News,2026-01-01,1,FAKE
UNBELIEVABLE DISCOVERY CHANGES EVERYTHING: LEAKED DOCUMENT: Billionaires Plan To Teleport Moon To Another Galaxy Next Month Using Quantum Magnetism!,LEAKED DOCUMENT: Billionaires Plan To Teleport Moon To Another Galaxy Next Month Using Quantum Magnetism! Article ID #212 claiming sensational facts without empirical verification or peer review. Click here to read more shocking evidence!,News,2026-01-01,1,FAKE
CELEBRITY SCANDAL LEAKS ONLINE: CONFIRMED: Eating Chocolate 10 Times A Day Reverses Aging Instantly According To Anonymous Unnamed Blogger!,CONFIRMED: Eating Chocolate 10 Times A Day Reverses Aging Instantly According To Anonymous Unnamed Blogger! Article ID #213 claiming sensational facts without empirical verification or peer review. Click here to read more shocking evidence!,News,2026-01-01,1,FAKE
MIRACLE CURE SPREADING FAST: ALERT: Invisible Robots Are Monitoring Your Thoughts Through Standard Household Mirrors! Share Before Deleted!,ALERT: Invisible Robots Are Monitoring Your Thoughts Through Standard Household Mirrors! Share Before Deleted! Article ID #214 claiming sensational facts without empirical verification or peer review. Click here to read more shocking evidence!,News,2026-01-01,1,FAKE
"WARNING TO ALL CITIZENS: EXCLUSIVE: Famous Celebrity Replaced By Hologram During Live Interview, Fans Notice Strange Glitch In Eyes!","EXCLUSIVE: Famous Celebrity Replaced By Hologram During Live Interview, Fans Notice Strange Glitch In Eyes! Article ID #215 claiming sensational facts without empirical verification or peer review. Click here to read more shocking evidence!",News,2026-01-01,1,FAKE
SHOCKING TRUTH REVEALED: SCANDAL: Secret Society Controls Global Weather Patterns Using Giant Microwaves In The Arctic Circle!,SCANDAL: Secret Society Controls Global Weather Patterns Using Giant Microwaves In The Arctic Circle! Article ID #216 claiming sensational facts without empirical verification or peer review. Click here to read more shocking evidence!,News,2026-01-01,1,FAKE
LEAKED REPORT PROVES CONSPIRACY: MIRACLE REMEDY: Ancient Tree Bark Powder Banishes Stress And Makes You Fly In Your Sleep!,MIRACLE REMEDY: Ancient Tree Bark Powder Banishes Stress And Makes You Fly In Your Sleep! Article ID #217 claiming sensational facts without empirical verification or peer review. Click here to read more shocking evidence!,News,2026-01-01,1,FAKE
DOCTORS HATE THIS SIMPLE TRICK: WARNING: Microwave Ovens Are Sending Secret Signals To Deep Space Satellites Without User Knowledge!,WARNING: Microwave Ovens Are Sending Secret Signals To Deep Space Satellites Without User Knowledge! Article ID #218 claiming sensational facts without empirical verification or peer review. Click here to read more shocking evidence!,News,2026-01-01,1,FAKE
SECRET GOVERNMENT PROJECT EXPOSED: UNBELIEVABLE: Local Man Discovers Free Unlimited Electricity Using Two Magnets And A Paperclip!,UNBELIEVABLE: Local Man Discovers Free Unlimited Electricity Using Two Magnets And A Paperclip! Article ID #219 claiming sensational facts without empirical verification or peer review. Click here to read more shocking evidence!,News,2026-01-01,1,FAKE
UNBELIEVABLE DISCOVERY CHANGES EVERYTHING: BREAKING: Secret Alien Technology Discovered in Underground Bunker! Government Hiding The Truth From Citizens! Scientists Shocked!,BREAKING: Secret Alien Technology Discovered in Underground Bunker! Government Hiding The Truth From Citizens! Scientists Shocked! Article ID #220 claiming sensational facts without empirical verification or peer review. Click here to read more shocking evidence!,News,2026-01-01,1,FAKE
"CELEBRITY SCANDAL LEAKS ONLINE: SHOCKING: Drinking Lemon Juice Mixed With Miracle Powder Cures All Incurable Diseases Overnight, Doctors Don't Want You To Know!","SHOCKING: Drinking Lemon Juice Mixed With Miracle Powder Cures All Incurable Diseases Overnight, Doctors Don't Want You To Know! Article ID #221 claiming sensational facts without empirical verification or peer review. Click here to read more shocking evidence!",News,2026-01-01,1,FAKE
MIRACLE CURE SPREADING FAST: LEAKED DOCUMENT: Billionaires Plan To Teleport Moon To Another Galaxy Next Month Using Quantum Magnetism!,LEAKED DOCUMENT: Billionaires Plan To Teleport Moon To Another Galaxy Next Month Using Quantum Magnetism! Article ID #222 claiming sensational facts without empirical verification or peer review. Click here to read more shocking evidence!,News,2026-01-01,1,FAKE
WARNING TO ALL CITIZENS: CONFIRMED: Eating Chocolate 10 Times A Day Reverses Aging Instantly According To Anonymous Unnamed Blogger!,CONFIRMED: Eating Chocolate 10 Times A Day Reverses Aging Instantly According To Anonymous Unnamed Blogger! Article ID #223 claiming sensational facts without empirical verification or peer review. Click here to read more shocking evidence!,News,2026-01-01,1,FAKE
SHOCKING TRUTH REVEALED: ALERT: Invisible Robots Are Monitoring Your Thoughts Through Standard Household Mirrors! Share Before Deleted!,ALERT: Invisible Robots Are Monitoring Your Thoughts Through Standard Household Mirrors! Share Before Deleted! Article ID #224 claiming sensational facts without empirical verification or peer review. Click here to read more shocking evidence!,News,2026-01-01,1,FAKE
"LEAKED REPORT PROVES CONSPIRACY: EXCLUSIVE: Famous Celebrity Replaced By Hologram During Live Interview, Fans Notice Strange Glitch In Eyes!","EXCLUSIVE: Famous Celebrity Replaced By Hologram During Live Interview, Fans Notice Strange Glitch In Eyes! Article ID #225 claiming sensational facts without empirical verification or peer review. Click here to read more shocking evidence!",News,2026-01-01,1,FAKE
DOCTORS HATE THIS SIMPLE TRICK: SCANDAL: Secret Society Controls Global Weather Patterns Using Giant Microwaves In The Arctic Circle!,SCANDAL: Secret Society Controls Global Weather Patterns Using Giant Microwaves In The Arctic Circle! Article ID #226 claiming sensational facts without empirical verification or peer review. Click here to read more shocking evidence!,News,2026-01-01,1,FAKE
SECRET GOVERNMENT PROJECT EXPOSED: MIRACLE REMEDY: Ancient Tree Bark Powder Banishes Stress And Makes You Fly In Your Sleep!,MIRACLE REMEDY: Ancient Tree Bark Powder Banishes Stress And Makes You Fly In Your Sleep! Article ID #227 claiming sensational facts without empirical verification or peer review. Click here to read more shocking evidence!,News,2026-01-01,1,FAKE
UNBELIEVABLE DISCOVERY CHANGES EVERYTHING: WARNING: Microwave Ovens Are Sending Secret Signals To Deep Space Satellites Without User Knowledge!,WARNING: Microwave Ovens Are Sending Secret Signals To Deep Space Satellites Without User Knowledge! Article ID #228 claiming sensational facts without empirical verification or peer review. Click here to read more shocking evidence!,News,2026-01-01,1,FAKE
CELEBRITY SCANDAL LEAKS ONLINE: UNBELIEVABLE: Local Man Discovers Free Unlimited Electricity Using Two Magnets And A Paperclip!,UNBELIEVABLE: Local Man Discovers Free Unlimited Electricity Using Two Magnets And A Paperclip! Article ID #229 claiming sensational facts without empirical verification or peer review. Click here to read more shocking evidence!,News,2026-01-01,1,FAKE
MIRACLE CURE SPREADING FAST: BREAKING: Secret Alien Technology Discovered in Underground Bunker! Government Hiding The Truth From Citizens! Scientists Shocked!,BREAKING: Secret Alien Technology Discovered in Underground Bunker! Government Hiding The Truth From Citizens! Scientists Shocked! Article ID #230 claiming sensational facts without empirical verification or peer review. Click here to read more shocking evidence!,News,2026-01-01,1,FAKE
"WARNING TO ALL CITIZENS: SHOCKING: Drinking Lemon Juice Mixed With Miracle Powder Cures All Incurable Diseases Overnight, Doctors Don't Want You To Know!","SHOCKING: Drinking Lemon Juice Mixed With Miracle Powder Cures All Incurable Diseases Overnight, Doctors Don't Want You To Know! Article ID #231 claiming sensational facts without empirical verification or peer review. Click here to read more shocking evidence!",News,2026-01-01,1,FAKE
SHOCKING TRUTH REVEALED: LEAKED DOCUMENT: Billionaires Plan To Teleport Moon To Another Galaxy Next Month Using Quantum Magnetism!,LEAKED DOCUMENT: Billionaires Plan To Teleport Moon To Another Galaxy Next Month Using Quantum Magnetism! Article ID #232 claiming sensational facts without empirical verification or peer review. Click here to read more shocking evidence!,News,2026-01-01,1,FAKE
LEAKED REPORT PROVES CONSPIRACY: CONFIRMED: Eating Chocolate 10 Times A Day Reverses Aging Instantly According To Anonymous Unnamed Blogger!,CONFIRMED: Eating Chocolate 10 Times A Day Reverses Aging Instantly According To Anonymous Unnamed Blogger! Article ID #233 claiming sensational facts without empirical verification or peer review. Click here to read more shocking evidence!,News,2026-01-01,1,FAKE
DOCTORS HATE THIS SIMPLE TRICK: ALERT: Invisible Robots Are Monitoring Your Thoughts Through Standard Household Mirrors! Share Before Deleted!,ALERT: Invisible Robots Are Monitoring Your Thoughts Through Standard Household Mirrors! Share Before Deleted! Article ID #234 claiming sensational facts without empirical verification or peer review. Click here to read more shocking evidence!,News,2026-01-01,1,FAKE
"SECRET GOVERNMENT PROJECT EXPOSED: EXCLUSIVE: Famous Celebrity Replaced By Hologram During Live Interview, Fans Notice Strange Glitch In Eyes!","EXCLUSIVE: Famous Celebrity Replaced By Hologram During Live Interview, Fans Notice Strange Glitch In Eyes! Article ID #235 claiming sensational facts without empirical verification or peer review. Click here to read more shocking evidence!",News,2026-01-01,1,FAKE
UNBELIEVABLE DISCOVERY CHANGES EVERYTHING: SCANDAL: Secret Society Controls Global Weather Patterns Using Giant Microwaves In The Arctic Circle!,SCANDAL: Secret Society Controls Global Weather Patterns Using Giant Microwaves In The Arctic Circle! Article ID #236 claiming sensational facts without empirical verification or peer review. Click here to read more shocking evidence!,News,2026-01-01,1,FAKE
CELEBRITY SCANDAL LEAKS ONLINE: MIRACLE REMEDY: Ancient Tree Bark Powder Banishes Stress And Makes You Fly In Your Sleep!,MIRACLE REMEDY: Ancient Tree Bark Powder Banishes Stress And Makes You Fly In Your Sleep! Article ID #237 claiming sensational facts without empirical verification or peer review. Click here to read more shocking evidence!,News,2026-01-01,1,FAKE
MIRACLE CURE SPREADING FAST: WARNING: Microwave Ovens Are Sending Secret Signals To Deep Space Satellites Without User Knowledge!,WARNING: Microwave Ovens Are Sending Secret Signals To Deep Space Satellites Without User Knowledge! Article ID #238 claiming sensational facts without empirical verification or peer review. Click here to read more shocking evidence!,News,2026-01-01,1,FAKE
WARNING TO ALL CITIZENS: UNBELIEVABLE: Local Man Discovers Free Unlimited Electricity Using Two Magnets And A Paperclip!,UNBELIEVABLE: Local Man Discovers Free Unlimited Electricity Using Two Magnets And A Paperclip! Article ID #239 claiming sensational facts without empirical verification or peer review. Click here to read more shocking evidence!,News,2026-01-01,1,FAKE
SHOCKING TRUTH REVEALED: BREAKING: Secret Alien Technology Discovered in Underground Bunker! Government Hiding The Truth From Citizens! Scientists Shocked!,BREAKING: Secret Alien Technology Discovered in Underground Bunker! Government Hiding The Truth From Citizens! Scientists Shocked! Article ID #240 claiming sensational facts without empirical verification or peer review. Click here to read more shocking evidence!,News,2026-01-01,1,FAKE
"LEAKED REPORT PROVES CONSPIRACY: SHOCKING: Drinking Lemon Juice Mixed With Miracle Powder Cures All Incurable Diseases Overnight, Doctors Don't Want You To Know!","SHOCKING: Drinking Lemon Juice Mixed With Miracle Powder Cures All Incurable Diseases Overnight, Doctors Don't Want You To Know! Article ID #241 claiming sensational facts without empirical verification or peer review. Click here to read more shocking evidence!",News,2026-01-01,1,FAKE
DOCTORS HATE THIS SIMPLE TRICK: LEAKED DOCUMENT: Billionaires Plan To Teleport Moon To Another Galaxy Next Month Using Quantum Magnetism!,LEAKED DOCUMENT: Billionaires Plan To Teleport Moon To Another Galaxy Next Month Using Quantum Magnetism! Article ID #242 claiming sensational facts without empirical verification or peer review. Click here to read more shocking evidence!,News,2026-01-01,1,FAKE
SECRET GOVERNMENT PROJECT EXPOSED: CONFIRMED: Eating Chocolate 10 Times A Day Reverses Aging Instantly According To Anonymous Unnamed Blogger!,CONFIRMED: Eating Chocolate 10 Times A Day Reverses Aging Instantly According To Anonymous Unnamed Blogger! Article ID #243 claiming sensational facts without empirical verification or peer review. Click here to read more shocking evidence!,News,2026-01-01,1,FAKE
UNBELIEVABLE DISCOVERY CHANGES EVERYTHING: ALERT: Invisible Robots Are Monitoring Your Thoughts Through Standard Household Mirrors! Share Before Deleted!,ALERT: Invisible Robots Are Monitoring Your Thoughts Through Standard Household Mirrors! Share Before Deleted! Article ID #244 claiming sensational facts without empirical verification or peer review. Click here to read more shocking evidence!,News,2026-01-01,1,FAKE
"CELEBRITY SCANDAL LEAKS ONLINE: EXCLUSIVE: Famous Celebrity Replaced By Hologram During Live Interview, Fans Notice Strange Glitch In Eyes!","EXCLUSIVE: Famous Celebrity Replaced By Hologram During Live Interview, Fans Notice Strange Glitch In Eyes! Article ID #245 claiming sensational facts without empirical verification or peer review. Click here to read more shocking evidence!",News,2026-01-01,1,FAKE
MIRACLE CURE SPREADING FAST: SCANDAL: Secret Society Controls Global Weather Patterns Using Giant Microwaves In The Arctic Circle!,SCANDAL: Secret Society Controls Global Weather Patterns Using Giant Microwaves In The Arctic Circle! Article ID #246 claiming sensational facts without empirical verification or peer review. Click here to read more shocking evidence!,News,2026-01-01,1,FAKE
WARNING TO ALL CITIZENS: MIRACLE REMEDY: Ancient Tree Bark Powder Banishes Stress And Makes You Fly In Your Sleep!,MIRACLE REMEDY: Ancient Tree Bark Powder Banishes Stress And Makes You Fly In Your Sleep! Article ID #247 claiming sensational facts without empirical verification or peer review. Click here to read more shocking evidence!,News,2026-01-01,1,FAKE
SHOCKING TRUTH REVEALED: WARNING: Microwave Ovens Are Sending Secret Signals To Deep Space Satellites Without User Knowledge!,WARNING: Microwave Ovens Are Sending Secret Signals To Deep Space Satellites Without User Knowledge! Article ID #248 claiming sensational facts without empirical verification or peer review. Click here to read more shocking evidence!,News,2026-01-01,1,FAKE
LEAKED REPORT PROVES CONSPIRACY: UNBELIEVABLE: Local Man Discovers Free Unlimited Electricity Using Two Magnets And A Paperclip!,UNBELIEVABLE: Local Man Discovers Free Unlimited Electricity Using Two Magnets And A Paperclip! Article ID #249 claiming sensational facts without empirical verification or peer review. Click here to read more shocking evidence!,News,2026-01-01,1,FAKE
DOCTORS HATE THIS SIMPLE TRICK: BREAKING: Secret Alien Technology Discovered in Underground Bunker! Government Hiding The Truth From Citizens! Scientists Shocked!,BREAKING: Secret Alien Technology Discovered in Underground Bunker! Government Hiding The Truth From Citizens! Scientists Shocked! Article ID #250 claiming sensational facts without empirical verification or peer review. Click here to read more shocking evidence!,News,2026-01-01,1,FAKE
"SECRET GOVERNMENT PROJECT EXPOSED: SHOCKING: Drinking Lemon Juice Mixed With Miracle Powder Cures All Incurable Diseases Overnight, Doctors Don't Want You To Know!","SHOCKING: Drinking Lemon Juice Mixed With Miracle Powder Cures All Incurable Diseases Overnight, Doctors Don't Want You To Know! Article ID #251 claiming sensational facts without empirical verification or peer review. Click here to read more shocking evidence!",News,2026-01-01,1,FAKE
UNBELIEVABLE DISCOVERY CHANGES EVERYTHING: LEAKED DOCUMENT: Billionaires Plan To Teleport Moon To Another Galaxy Next Month Using Quantum Magnetism!,LEAKED DOCUMENT: Billionaires Plan To Teleport Moon To Another Galaxy Next Month Using Quantum Magnetism! Article ID #252 claiming sensational facts without empirical verification or peer review. Click here to read more shocking evidence!,News,2026-01-01,1,FAKE
CELEBRITY SCANDAL LEAKS ONLINE: CONFIRMED: Eating Chocolate 10 Times A Day Reverses Aging Instantly According To Anonymous Unnamed Blogger!,CONFIRMED: Eating Chocolate 10 Times A Day Reverses Aging Instantly According To Anonymous Unnamed Blogger! Article ID #253 claiming sensational facts without empirical verification or peer review. Click here to read more shocking evidence!,News,2026-01-01,1,FAKE
MIRACLE CURE SPREADING FAST: ALERT: Invisible Robots Are Monitoring Your Thoughts Through Standard Household Mirrors! Share Before Deleted!,ALERT: Invisible Robots Are Monitoring Your Thoughts Through Standard Household Mirrors! Share Before Deleted! Article ID #254 claiming sensational facts without empirical verification or peer review. Click here to read more shocking evidence!,News,2026-01-01,1,FAKE
"WARNING TO ALL CITIZENS: EXCLUSIVE: Famous Celebrity Replaced By Hologram During Live Interview, Fans Notice Strange Glitch In Eyes!","EXCLUSIVE: Famous Celebrity Replaced By Hologram During Live Interview, Fans Notice Strange Glitch In Eyes! Article ID #255 claiming sensational facts without empirical verification or peer review. Click here to read more shocking evidence!",News,2026-01-01,1,FAKE
SHOCKING TRUTH REVEALED: SCANDAL: Secret Society Controls Global Weather Patterns Using Giant Microwaves In The Arctic Circle!,SCANDAL: Secret Society Controls Global Weather Patterns Using Giant Microwaves In The Arctic Circle! Article ID #256 claiming sensational facts without empirical verification or peer review. Click here to read more shocking evidence!,News,2026-01-01,1,FAKE
LEAKED REPORT PROVES CONSPIRACY: MIRACLE REMEDY: Ancient Tree Bark Powder Banishes Stress And Makes You Fly In Your Sleep!,MIRACLE REMEDY: Ancient Tree Bark Powder Banishes Stress And Makes You Fly In Your Sleep! Article ID #257 claiming sensational facts without empirical verification or peer review. Click here to read more shocking evidence!,News,2026-01-01,1,FAKE
DOCTORS HATE THIS SIMPLE TRICK: WARNING: Microwave Ovens Are Sending Secret Signals To Deep Space Satellites Without User Knowledge!,WARNING: Microwave Ovens Are Sending Secret Signals To Deep Space Satellites Without User Knowledge! Article ID #258 claiming sensational facts without empirical verification or peer review. Click here to read more shocking evidence!,News,2026-01-01,1,FAKE
SECRET GOVERNMENT PROJECT EXPOSED: UNBELIEVABLE: Local Man Discovers Free Unlimited Electricity Using Two Magnets And A Paperclip!,UNBELIEVABLE: Local Man Discovers Free Unlimited Electricity Using Two Magnets And A Paperclip! Article ID #259 claiming sensational facts without empirical verification or peer review. Click here to read more shocking evidence!,News,2026-01-01,1,FAKE
UNBELIEVABLE DISCOVERY CHANGES EVERYTHING: BREAKING: Secret Alien Technology Discovered in Underground Bunker! Government Hiding The Truth From Citizens! Scientists Shocked!,BREAKING: Secret Alien Technology Discovered in Underground Bunker! Government Hiding The Truth From Citizens! Scientists Shocked! Article ID #260 claiming sensational facts without empirical verification or peer review. Click here to read more shocking evidence!,News,2026-01-01,1,FAKE
"CELEBRITY SCANDAL LEAKS ONLINE: SHOCKING: Drinking Lemon Juice Mixed With Miracle Powder Cures All Incurable Diseases Overnight, Doctors Don't Want You To Know!","SHOCKING: Drinking Lemon Juice Mixed With Miracle Powder Cures All Incurable Diseases Overnight, Doctors Don't Want You To Know! Article ID #261 claiming sensational facts without empirical verification or peer review. Click here to read more shocking evidence!",News,2026-01-01,1,FAKE
MIRACLE CURE SPREADING FAST: LEAKED DOCUMENT: Billionaires Plan To Teleport Moon To Another Galaxy Next Month Using Quantum Magnetism!,LEAKED DOCUMENT: Billionaires Plan To Teleport Moon To Another Galaxy Next Month Using Quantum Magnetism! Article ID #262 claiming sensational facts without empirical verification or peer review. Click here to read more shocking evidence!,News,2026-01-01,1,FAKE
WARNING TO ALL CITIZENS: CONFIRMED: Eating Chocolate 10 Times A Day Reverses Aging Instantly According To Anonymous Unnamed Blogger!,CONFIRMED: Eating Chocolate 10 Times A Day Reverses Aging Instantly According To Anonymous Unnamed Blogger! Article ID #263 claiming sensational facts without empirical verification or peer review. Click here to read more shocking evidence!,News,2026-01-01,1,FAKE
SHOCKING TRUTH REVEALED: ALERT: Invisible Robots Are Monitoring Your Thoughts Through Standard Household Mirrors! Share Before Deleted!,ALERT: Invisible Robots Are Monitoring Your Thoughts Through Standard Household Mirrors! Share Before Deleted! Article ID #264 claiming sensational facts without empirical verification or peer review. Click here to read more shocking evidence!,News,2026-01-01,1,FAKE
"LEAKED REPORT PROVES CONSPIRACY: EXCLUSIVE: Famous Celebrity Replaced By Hologram During Live Interview, Fans Notice Strange Glitch In Eyes!","EXCLUSIVE: Famous Celebrity Replaced By Hologram During Live Interview, Fans Notice Strange Glitch In Eyes! Article ID #265 claiming sensational facts without empirical verification or peer review. Click here to read more shocking evidence!",News,2026-01-01,1,FAKE
DOCTORS HATE THIS SIMPLE TRICK: SCANDAL: Secret Society Controls Global Weather Patterns Using Giant Microwaves In The Arctic Circle!,SCANDAL: Secret Society Controls Global Weather Patterns Using Giant Microwaves In The Arctic Circle! Article ID #266 claiming sensational facts without empirical verification or peer review. Click here to read more shocking evidence!,News,2026-01-01,1,FAKE
SECRET GOVERNMENT PROJECT EXPOSED: MIRACLE REMEDY: Ancient Tree Bark Powder Banishes Stress And Makes You Fly In Your Sleep!,MIRACLE REMEDY: Ancient Tree Bark Powder Banishes Stress And Makes You Fly In Your Sleep! Article ID #267 claiming sensational facts without empirical verification or peer review. Click here to read more shocking evidence!,News,2026-01-01,1,FAKE
UNBELIEVABLE DISCOVERY CHANGES EVERYTHING: WARNING: Microwave Ovens Are Sending Secret Signals To Deep Space Satellites Without User Knowledge!,WARNING: Microwave Ovens Are Sending Secret Signals To Deep Space Satellites Without User Knowledge! Article ID #268 claiming sensational facts without empirical verification or peer review. Click here to read more shocking evidence!,News,2026-01-01,1,FAKE
CELEBRITY SCANDAL LEAKS ONLINE: UNBELIEVABLE: Local Man Discovers Free Unlimited Electricity Using Two Magnets And A Paperclip!,UNBELIEVABLE: Local Man Discovers Free Unlimited Electricity Using Two Magnets And A Paperclip! Article ID #269 claiming sensational facts without empirical verification or peer review. Click here to read more shocking evidence!,News,2026-01-01,1,FAKE
MIRACLE CURE SPREADING FAST: BREAKING: Secret Alien Technology Discovered in Underground Bunker! Government Hiding The Truth From Citizens! Scientists Shocked!,BREAKING: Secret Alien Technology Discovered in Underground Bunker! Government Hiding The Truth From Citizens! Scientists Shocked! Article ID #270 claiming sensational facts without empirical verification or peer review. Click here to read more shocking evidence!,News,2026-01-01,1,FAKE
"WARNING TO ALL CITIZENS: SHOCKING: Drinking Lemon Juice Mixed With Miracle Powder Cures All Incurable Diseases Overnight, Doctors Don't Want You To Know!","SHOCKING: Drinking Lemon Juice Mixed With Miracle Powder Cures All Incurable Diseases Overnight, Doctors Don't Want You To Know! Article ID #271 claiming sensational facts without empirical verification or peer review. Click here to read more shocking evidence!",News,2026-01-01,1,FAKE
SHOCKING TRUTH REVEALED: LEAKED DOCUMENT: Billionaires Plan To Teleport Moon To Another Galaxy Next Month Using Quantum Magnetism!,LEAKED DOCUMENT: Billionaires Plan To Teleport Moon To Another Galaxy Next Month Using Quantum Magnetism! Article ID #272 claiming sensational facts without empirical verification or peer review. Click here to read more shocking evidence!,News,2026-01-01,1,FAKE
LEAKED REPORT PROVES CONSPIRACY: CONFIRMED: Eating Chocolate 10 Times A Day Reverses Aging Instantly According To Anonymous Unnamed Blogger!,CONFIRMED: Eating Chocolate 10 Times A Day Reverses Aging Instantly According To Anonymous Unnamed Blogger! Article ID #273 claiming sensational facts without empirical verification or peer review. Click here to read more shocking evidence!,News,2026-01-01,1,FAKE
DOCTORS HATE THIS SIMPLE TRICK: ALERT: Invisible Robots Are Monitoring Your Thoughts Through Standard Household Mirrors! Share Before Deleted!,ALERT: Invisible Robots Are Monitoring Your Thoughts Through Standard Household Mirrors! Share Before Deleted! Article ID #274 claiming sensational facts without empirical verification or peer review. Click here to read more shocking evidence!,News,2026-01-01,1,FAKE
"SECRET GOVERNMENT PROJECT EXPOSED: EXCLUSIVE: Famous Celebrity Replaced By Hologram During Live Interview, Fans Notice Strange Glitch In Eyes!","EXCLUSIVE: Famous Celebrity Replaced By Hologram During Live Interview, Fans Notice Strange Glitch In Eyes! Article ID #275 claiming sensational facts without empirical verification or peer review. Click here to read more shocking evidence!",News,2026-01-01,1,FAKE
UNBELIEVABLE DISCOVERY CHANGES EVERYTHING: SCANDAL: Secret Society Controls Global Weather Patterns Using Giant Microwaves In The Arctic Circle!,SCANDAL: Secret Society Controls Global Weather Patterns Using Giant Microwaves In The Arctic Circle! Article ID #276 claiming sensational facts without empirical verification or peer review. Click here to read more shocking evidence!,News,2026-01-01,1,FAKE
CELEBRITY SCANDAL LEAKS ONLINE: MIRACLE REMEDY: Ancient Tree Bark Powder Banishes Stress And Makes You Fly In Your Sleep!,MIRACLE REMEDY: Ancient Tree Bark Powder Banishes Stress And Makes You Fly In Your Sleep! Article ID #277 claiming sensational facts without empirical verification or peer review. Click here to read more shocking evidence!,News,2026-01-01,1,FAKE
MIRACLE CURE SPREADING FAST: WARNING: Microwave Ovens Are Sending Secret Signals To Deep Space Satellites Without User Knowledge!,WARNING: Microwave Ovens Are Sending Secret Signals To Deep Space Satellites Without User Knowledge! Article ID #278 claiming sensational facts without empirical verification or peer review. Click here to read more shocking evidence!,News,2026-01-01,1,FAKE
WARNING TO ALL CITIZENS: UNBELIEVABLE: Local Man Discovers Free Unlimited Electricity Using Two Magnets And A Paperclip!,UNBELIEVABLE: Local Man Discovers Free Unlimited Electricity Using Two Magnets And A Paperclip! Article ID #279 claiming sensational facts without empirical verification or peer review. Click here to read more shocking evidence!,News,2026-01-01,1,FAKE
SHOCKING TRUTH REVEALED: BREAKING: Secret Alien Technology Discovered in Underground Bunker! Government Hiding The Truth From Citizens! Scientists Shocked!,BREAKING: Secret Alien Technology Discovered in Underground Bunker! Government Hiding The Truth From Citizens! Scientists Shocked! Article ID #280 claiming sensational facts without empirical verification or peer review. Click here to read more shocking evidence!,News,2026-01-01,1,FAKE
"LEAKED REPORT PROVES CONSPIRACY: SHOCKING: Drinking Lemon Juice Mixed With Miracle Powder Cures All Incurable Diseases Overnight, Doctors Don't Want You To Know!","SHOCKING: Drinking Lemon Juice Mixed With Miracle Powder Cures All Incurable Diseases Overnight, Doctors Don't Want You To Know! Article ID #281 claiming sensational facts without empirical verification or peer review. Click here to read more shocking evidence!",News,2026-01-01,1,FAKE
DOCTORS HATE THIS SIMPLE TRICK: LEAKED DOCUMENT: Billionaires Plan To Teleport Moon To Another Galaxy Next Month Using Quantum Magnetism!,LEAKED DOCUMENT: Billionaires Plan To Teleport Moon To Another Galaxy Next Month Using Quantum Magnetism! Article ID #282 claiming sensational facts without empirical verification or peer review. Click here to read more shocking evidence!,News,2026-01-01,1,FAKE
SECRET GOVERNMENT PROJECT EXPOSED: CONFIRMED: Eating Chocolate 10 Times A Day Reverses Aging Instantly According To Anonymous Unnamed Blogger!,CONFIRMED: Eating Chocolate 10 Times A Day Reverses Aging Instantly According To Anonymous Unnamed Blogger! Article ID #283 claiming sensational facts without empirical verification or peer review. Click here to read more shocking evidence!,News,2026-01-01,1,FAKE
UNBELIEVABLE DISCOVERY CHANGES EVERYTHING: ALERT: Invisible Robots Are Monitoring Your Thoughts Through Standard Household Mirrors! Share Before Deleted!,ALERT: Invisible Robots Are Monitoring Your Thoughts Through Standard Household Mirrors! Share Before Deleted! Article ID #284 claiming sensational facts without empirical verification or peer review. Click here to read more shocking evidence!,News,2026-01-01,1,FAKE
"CELEBRITY SCANDAL LEAKS ONLINE: EXCLUSIVE: Famous Celebrity Replaced By Hologram During Live Interview, Fans Notice Strange Glitch In Eyes!","EXCLUSIVE: Famous Celebrity Replaced By Hologram During Live Interview, Fans Notice Strange Glitch In Eyes! Article ID #285 claiming sensational facts without empirical verification or peer review. Click here to read more shocking evidence!",News,2026-01-01,1,FAKE
MIRACLE CURE SPREADING FAST: SCANDAL: Secret Society Controls Global Weather Patterns Using Giant Microwaves In The Arctic Circle!,SCANDAL: Secret Society Controls Global Weather Patterns Using Giant Microwaves In The Arctic Circle! Article ID #286 claiming sensational facts without empirical verification or peer review. Click here to read more shocking evidence!,News,2026-01-01,1,FAKE
WARNING TO ALL CITIZENS: MIRACLE REMEDY: Ancient Tree Bark Powder Banishes Stress And Makes You Fly In Your Sleep!,MIRACLE REMEDY: Ancient Tree Bark Powder Banishes Stress And Makes You Fly In Your Sleep! Article ID #287 claiming sensational facts without empirical verification or peer review. Click here to read more shocking evidence!,News,2026-01-01,1,FAKE
SHOCKING TRUTH REVEALED: WARNING: Microwave Ovens Are Sending Secret Signals To Deep Space Satellites Without User Knowledge!,WARNING: Microwave Ovens Are Sending Secret Signals To Deep Space Satellites Without User Knowledge! Article ID #288 claiming sensational facts without empirical verification or peer review. Click here to read more shocking evidence!,News,2026-01-01,1,FAKE
LEAKED REPORT PROVES CONSPIRACY: UNBELIEVABLE: Local Man Discovers Free Unlimited Electricity Using Two Magnets And A Paperclip!,UNBELIEVABLE: Local Man Discovers Free Unlimited Electricity Using Two Magnets And A Paperclip! Article ID #289 claiming sensational facts without empirical verification or peer review. Click here to read more shocking evidence!,News,2026-01-01,1,FAKE
DOCTORS HATE THIS SIMPLE TRICK: BREAKING: Secret Alien Technology Discovered in Underground Bunker! Government Hiding The Truth From Citizens! Scientists Shocked!,BREAKING: Secret Alien Technology Discovered in Underground Bunker! Government Hiding The Truth From Citizens! Scientists Shocked! Article ID #290 claiming sensational facts without empirical verification or peer review. Click here to read more shocking evidence!,News,2026-01-01,1,FAKE
"SECRET GOVERNMENT PROJECT EXPOSED: SHOCKING: Drinking Lemon Juice Mixed With Miracle Powder Cures All Incurable Diseases Overnight, Doctors Don't Want You To Know!","SHOCKING: Drinking Lemon Juice Mixed With Miracle Powder Cures All Incurable Diseases Overnight, Doctors Don't Want You To Know! Article ID #291 claiming sensational facts without empirical verification or peer review. Click here to read more shocking evidence!",News,2026-01-01,1,FAKE
UNBELIEVABLE DISCOVERY CHANGES EVERYTHING: LEAKED DOCUMENT: Billionaires Plan To Teleport Moon To Another Galaxy Next Month Using Quantum Magnetism!,LEAKED DOCUMENT: Billionaires Plan To Teleport Moon To Another Galaxy Next Month Using Quantum Magnetism! Article ID #292 claiming sensational facts without empirical verification or peer review. Click here to read more shocking evidence!,News,2026-01-01,1,FAKE
CELEBRITY SCANDAL LEAKS ONLINE: CONFIRMED: Eating Chocolate 10 Times A Day Reverses Aging Instantly According To Anonymous Unnamed Blogger!,CONFIRMED: Eating Chocolate 10 Times A Day Reverses Aging Instantly According To Anonymous Unnamed Blogger! Article ID #293 claiming sensational facts without empirical verification or peer review. Click here to read more shocking evidence!,News,2026-01-01,1,FAKE
MIRACLE CURE SPREADING FAST: ALERT: Invisible Robots Are Monitoring Your Thoughts Through Standard Household Mirrors! Share Before Deleted!,ALERT: Invisible Robots Are Monitoring Your Thoughts Through Standard Household Mirrors! Share Before Deleted! Article ID #294 claiming sensational facts without empirical verification or peer review. Click here to read more shocking evidence!,News,2026-01-01,1,FAKE
"WARNING TO ALL CITIZENS: EXCLUSIVE: Famous Celebrity Replaced By Hologram During Live Interview, Fans Notice Strange Glitch In Eyes!","EXCLUSIVE: Famous Celebrity Replaced By Hologram During Live Interview, Fans Notice Strange Glitch In Eyes! Article ID #295 claiming sensational facts without empirical verification or peer review. Click here to read more shocking evidence!",News,2026-01-01,1,FAKE
SHOCKING TRUTH REVEALED: SCANDAL: Secret Society Controls Global Weather Patterns Using Giant Microwaves In The Arctic Circle!,SCANDAL: Secret Society Controls Global Weather Patterns Using Giant Microwaves In The Arctic Circle! Article ID #296 claiming sensational facts without empirical verification or peer review. Click here to read more shocking evidence!,News,2026-01-01,1,FAKE
LEAKED REPORT PROVES CONSPIRACY: MIRACLE REMEDY: Ancient Tree Bark Powder Banishes Stress And Makes You Fly In Your Sleep!,MIRACLE REMEDY: Ancient Tree Bark Powder Banishes Stress And Makes You Fly In Your Sleep! Article ID #297 claiming sensational facts without empirical verification or peer review. Click here to read more shocking evidence!,News,2026-01-01,1,FAKE
DOCTORS HATE THIS SIMPLE TRICK: WARNING: Microwave Ovens Are Sending Secret Signals To Deep Space Satellites Without User Knowledge!,WARNING: Microwave Ovens Are Sending Secret Signals To Deep Space Satellites Without User Knowledge! Article ID #298 claiming sensational facts without empirical verification or peer review. Click here to read more shocking evidence!,News,2026-01-01,1,FAKE
SECRET GOVERNMENT PROJECT EXPOSED: UNBELIEVABLE: Local Man Discovers Free Unlimited Electricity Using Two Magnets And A Paperclip!,UNBELIEVABLE: Local Man Discovers Free Unlimited Electricity Using Two Magnets And A Paperclip! Article ID #299 claiming sensational facts without empirical verification or peer review. Click here to read more shocking evidence!,News,2026-01-01,1,FAKE
