title,text,subject,date,label,target
Global Summit Reaches Bilateral Accord - Official News,BERLIN — European aerospace consortium completed successful high-altitude test flights for hydrogen-powered zero-emission commercial flight prototypes. Reporting according to official press release #236. Verified by independent Reuters standards and institutional statements.,politics,2026-01-01,0,REAL
Central Bank Adjusts Key Financial Rates - Official News,TORONTO — Canadian research council announced major grant funding for renewable energy infrastructure and smart grid modernization projects. Reporting according to official press release #299. Verified by independent Reuters standards and institutional statements.,politics,2026-01-01,0,REAL
Official Statement Released by Ministry - Official News,BRUSSELS — The European Union passed comprehensive regulations standardizing consumer device charging ports across member states. Reporting according to official press release #128. Verified by independent Reuters standards and institutional statements.,politics,2026-01-01,0,REAL
Global Summit Reaches Bilateral Accord - Official News,PARIS — Representatives from 40 nations assembled for the International Climate Summit to outline binding commitments for reducing industrial emissions over the next decade. Reporting according to official press release #124. Verified by independent Reuters standards and institutional statements.,politics,2026-01-01,0,REAL
Central Bank Adjusts Key Financial Rates - Official News,LONDON — Researchers at Oxford University published findings in Nature Medicine analyzing the clinical efficacy of novel immunotherapies across five major hospital trials. Reporting according to official press release #3. Verified by independent Reuters standards and institutional statements.,politics,2026-01-01,0,REAL
Tech Firm Announces Quarterly Revenue Growth - Official News,NEW YORK — Wall Street indexes closed moderately higher as earnings reports from major manufacturing and technology firms exceeded consensus analyst estimates. Reporting according to official press release #165. Verified by independent Reuters standards and institutional statements.,politics,2026-01-01,0,REAL
DOCTORS HATE THIS SIMPLE TRICK: BREAKING: Secret Alien Technology Discovered in Underground Bunker! Government Hiding The Truth From Citizens! Scientists Shocked!,BREAKING: Secret Alien Technology Discovered in Underground Bunker! Government Hiding The Truth From Citizens! Scientists Shocked! Article ID #130 claiming sensational facts without empirical verification or peer review. Click here to read more shocking evidence!,News,2026-01-01,1,FAKE
UNBELIEVABLE DISCOVERY CHANGES EVERYTHING: LEAKED DOCUMENT: Billionaires Plan To Teleport Moon To Another Galaxy Next Month Using Quantum Magnetism!,LEAKED DOCUMENT: Billionaires Plan To Teleport Moon To Another Galaxy Next Month Using Quantum Magnetism! Article ID #212 claiming sensational facts without empirical verification or peer review. Click here to read more shocking evidence!,News,2026-01-01,1,FAKE
Official Statement Released by Ministry - Official News,BERLIN — European aerospace consortium completed successful high-altitude test flights for hydrogen-powered zero-emission commercial flight prototypes. Reporting according to official press release #176. Verified by independent Reuters standards and institutional statements.,politics,2026-01-01,0,REAL
Environmental Protection Board Publishes Report - Official News,PARIS — Representatives from 40 nations assembled for the International Climate Summit to outline binding commitments for reducing industrial emissions over the next decade. Reporting according to official press release #14. Verified by independent Reuters standards and institutional statements.,politics,2026-01-01,0,REAL
UNBELIEVABLE DISCOVERY CHANGES EVERYTHING: LEAKED DOCUMENT: Billionaires Plan To Teleport Moon To Another Galaxy Next Month Using Quantum Magnetism!,LEAKED DOCUMENT: Billionaires Plan To Teleport Moon To Another Galaxy Next Month Using Quantum Magnetism! Article ID #92 claiming sensational facts without empirical verification or peer review. Click here to read more shocking evidence!,News,2026-01-01,1,FAKE
"LEAKED REPORT PROVES CONSPIRACY: EXCLUSIVE: Famous Celebrity Replaced By Hologram During Live Interview, Fans Notice Strange Glitch In Eyes!","EXCLUSIVE: Famous Celebrity Replaced By Hologram During Live Interview, Fans Notice Strange Glitch In Eyes! Article ID #265 claiming sensational facts without empirical verification or peer review. Click here to read more shocking evidence!",News,2026-01-01,1,FAKE
Tech Firm Announces Quarterly Revenue Growth - Official News,NEW YORK — Wall Street indexes closed moderately higher as earnings reports from major manufacturing and technology firms exceeded consensus analyst estimates. Reporting according to official press release #245. Verified by independent Reuters standards and institutional statements.,politics,2026-01-01,0,REAL
Global Summit Reaches Bilateral Accord - Official News,"WASHINGTON — The Federal Reserve announced a quarter-point interest rate adjustment following its policy meeting, citing inflation trends and employment data. Reporting according to official press release #180. Verified by independent Reuters standards and institutional statements.",politics,2026-01-01,0,REAL
"SECRET GOVERNMENT PROJECT EXPOSED: EXCLUSIVE: Famous Celebrity Replaced By Hologram During Live Interview, Fans Notice Strange Glitch In Eyes!","EXCLUSIVE: Famous Celebrity Replaced By Hologram During Live Interview, Fans Notice Strange Glitch In Eyes! Article ID #235 claiming sensational facts without empirical verification or peer review. Click here to read more shocking evidence!",News,2026-01-01,1,FAKE
UNBELIEVABLE DISCOVERY CHANGES EVERYTHING: WARNING: Microwave Ovens Are Sending Secret Signals To Deep Space Satellites Without User Knowledge!,WARNING: Microwave Ovens Are Sending Secret Signals To Deep Space Satellites Without User Knowledge! Article ID #188 claiming sensational facts without empirical verification or peer review. Click here to read more shocking evidence!,News,2026-01-01,1,FAKE
Central Bank Adjusts Key Financial Rates - Official News,TORONTO — Canadian research council announced major grant funding for renewable energy infrastructure and smart grid modernization projects. Reporting according to official press release #139. Verified by independent Reuters standards and institutional statements.,politics,2026-01-01,0,REAL
Official Statement Released by Ministry - Official News,BERLIN — European aerospace consortium completed successful high-altitude test flights for hydrogen-powered zero-emission commercial flight prototypes. Reporting according to official press release #96. Verified by independent Reuters standards and institutional statements.,politics,2026-01-01,0,REAL
Official Statement Released by Ministry - Official News,"WASHINGTON — The Federal Reserve announced a quarter-point interest rate adjustment following its policy meeting, citing inflation trends and employment data. Reporting according to official press release #240. Verified by independent Reuters standards and institutional statements.",politics,2026-01-01,0,REAL
Environmental Protection Board Publishes Report - Official News,BERLIN — European aerospace consortium completed successful high-altitude test flights for hydrogen-powered zero-emission commercial flight prototypes. Reporting according to official press release #46. Verified by independent Reuters standards and institutional statements.,politics,2026-01-01,0,REAL
University Study Validates Health Findings - Official News,NEW YORK — Wall Street indexes closed moderately higher as earnings reports from major manufacturing and technology firms exceeded consensus analyst estimates. Reporting according to official press release #295. Verified by independent Reuters standards and institutional statements.,politics,2026-01-01,0,REAL
Tech Firm Announces Quarterly Revenue Growth - Official News,NEW YORK — Wall Street indexes closed moderately higher as earnings reports from major manufacturing and technology firms exceeded consensus analyst estimates. Reporting according to official press release #125. Verified by independent Reuters standards and institutional statements.,politics,2026-01-01,0,REAL
Economic Growth Indicators Show Stability - Official News,NEW YORK — Wall Street indexes closed moderately higher as earnings reports from major manufacturing and technology firms exceeded consensus analyst estimates. Reporting according to official press release #25. Verified by independent Reuters standards and institutional statements.,politics,2026-01-01,0,REAL
Tech Firm Announces Quarterly Revenue Growth - Official News,GENEVA — The World Health Organization released updated global health guidelines recommending balanced diets and regular physical activity to reduce cardiovascular risks. Reporting according to official press release #181. Verified by independent Reuters standards and institutional statements.,politics,2026-01-01,0,REAL
MIRACLE CURE SPREADING FAST: WARNING: Microwave Ovens Are Sending Secret Signals To Deep Space Satellites Without User Knowledge!,WARNING: Microwave Ovens Are Sending Secret Signals To Deep Space Satellites Without User Knowledge! Article ID #278 claiming sensational facts without empirical verification or peer review. Click here to read more shocking evidence!,News,2026-01-01,1,FAKE
University Study Validates Health Findings - Official News,TORONTO — Canadian research council announced major grant funding for renewable energy infrastructure and smart grid modernization projects. Reporting according to official press release #119. Verified by independent Reuters standards and institutional statements.,politics,2026-01-01,0,REAL
Economic Growth Indicators Show Stability - Official News,GENEVA — The World Health Organization released updated global health guidelines recommending balanced diets and regular physical activity to reduce cardiovascular risks. Reporting according to official press release #281. Verified by independent Reuters standards and institutional statements.,politics,2026-01-01,0,REAL
University Study Validates Health Findings - Official News,TORONTO — Canadian research council announced major grant funding for renewable energy infrastructure and smart grid modernization projects. Reporting according to official press release #39. Verified by independent Reuters standards and institutional statements.,politics,2026-01-01,0,REAL
MIRACLE CURE SPREADING FAST: BREAKING: Secret Alien Technology Discovered in Underground Bunker! Government Hiding The Truth From Citizens! Scientists Shocked!,BREAKING: Secret Alien Technology Discovered in Underground Bunker! Government Hiding The Truth From Citizens! Scientists Shocked! Article ID #230 claiming sensational facts without empirical verification or peer review. Click here to read more shocking evidence!,News,2026-01-01,1,FAKE
SECRET GOVERNMENT PROJECT EXPOSED: UNBELIEVABLE: Local Man Discovers Free Unlimited Electricity Using Two Magnets And A Paperclip!,UNBELIEVABLE: Local Man Discovers Free Unlimited Electricity Using Two Magnets And A Paperclip! Article ID #59 claiming sensational facts without empirical verification or peer review. Click here to read more shocking evidence!,News,2026-01-01,1,FAKE
Official Statement Released by Ministry - Official News,BERLIN — European aerospace consortium completed successful high-altitude test flights for hydrogen-powered zero-emission commercial flight prototypes. Reporting according to official press release #16. Verified by independent Reuters standards and institutional statements.,politics,2026-01-01,0,REAL
"LEAKED REPORT PROVES CONSPIRACY: SHOCKING: Drinking Lemon Juice Mixed With Miracle Powder Cures All Incurable Diseases Overnight, Doctors Don't Want You To Know!","SHOCKING: Drinking Lemon Juice Mixed With Miracle Powder Cures All Incurable Diseases Overnight, Doctors Don't Want You To Know! Article ID #241 claiming sensational facts without empirical verification or peer review. Click here to read more shocking evidence!",News,2026-01-01,1,FAKE
Global Summit Reaches Bilateral Accord - Official News,PARIS — Representatives from 40 nations assembled for the International Climate Summit to outline binding commitments for reducing industrial emissions over the next decade. Reporting according to official press release #4. Verified by independent Reuters standards and institutional statements.,politics,2026-01-01,0,REAL
CELEBRITY SCANDAL LEAKS ONLINE: CONFIRMED: Eating Chocolate 10 Times A Day Reverses Aging Instantly According To Anonymous Unnamed Blogger!,CONFIRMED: Eating Chocolate 10 Times A Day Reverses Aging Instantly According To Anonymous Unnamed Blogger! Article ID #253 claiming sensational facts without empirical verification or peer review. Click here to read more shocking evidence!,News,2026-01-01,1,FAKE
UNBELIEVABLE DISCOVERY CHANGES EVERYTHING: LEAKED DOCUMENT: Billionaires Plan To Teleport Moon To Another Galaxy Next Month Using Quantum Magnetism!,LEAKED DOCUMENT: Billionaires Plan To Teleport Moon To Another Galaxy Next Month Using Quantum Magnetism! Article ID #12 claiming sensational facts without empirical verification or peer review. Click here to read more shocking evidence!,News,2026-01-01,1,FAKE
University Study Validates Health Findings - Official News,GENEVA — The World Health Organization released updated global health guidelines recommending balanced diets and regular physical activity to reduce cardiovascular risks. Reporting according to official press release #71. Verified by independent Reuters standards and institutional statements.,politics,2026-01-01,0,REAL
Tech Firm Announces Quarterly Revenue Growth - Official News,NEW YORK — Wall Street indexes closed moderately higher as earnings reports from major manufacturing and technology firms exceeded consensus analyst estimates. Reporting according to official press release #45. Verified by independent Reuters standards and institutional statements.,politics,2026-01-01,0,REAL
Central Bank Adjusts Key Financial Rates - Official News,SYDNEY — Marine biologists documented significant coral regeneration across targeted sanctuary zones following intensive conservation management programs. Reporting according to official press release #187. Verified by independent Reuters standards and institutional statements.,politics,2026-01-01,0,REAL
Official Statement Released by Ministry - Official News,PARIS — Representatives from 40 nations assembled for the International Climate Summit to outline binding commitments for reducing industrial emissions over the next decade. Reporting according to official press release #144. Verified by independent Reuters standards and institutional statements.,politics,2026-01-01,0,REAL
"CELEBRITY SCANDAL LEAKS ONLINE: SHOCKING: Drinking Lemon Juice Mixed With Miracle Powder Cures All Incurable Diseases Overnight, Doctors Don't Want You To Know!","SHOCKING: Drinking Lemon Juice Mixed With Miracle Powder Cures All Incurable Diseases Overnight, Doctors Don't Want You To Know! Article ID #21 claiming sensational facts without empirical verification or peer review. Click here to read more shocking evidence!",News,2026-01-01,1,FAKE
DOCTORS HATE THIS SIMPLE TRICK: WARNING: Microwave Ovens Are Sending Secret Signals To Deep Space Satellites Without User Knowledge!,WARNING: Microwave Ovens Are Sending Secret Signals To Deep Space Satellites Without User Knowledge! Article ID #138 claiming sensational facts without empirical verification or peer review. Click here to read more shocking evidence!,News,2026-01-01,1,FAKE
University Study Validates Health Findings - Official News,NEW YORK — Wall Street indexes closed moderately higher as earnings reports from major manufacturing and technology firms exceeded consensus analyst estimates. Reporting according to official press release #135. Verified by independent Reuters standards and institutional statements.,politics,2026-01-01,0,REAL
SHOCKING TRUTH REVEALED: WARNING: Microwave Ovens Are Sending Secret Signals To Deep Space Satellites Without User Knowledge!,WARNING: Microwave Ovens Are Sending Secret Signals To Deep Space Satellites Without User Knowledge! Article ID #88 claiming sensational facts without empirical verification or peer review. Click here to read more shocking evidence!,News,2026-01-01,1,FAKE
Central Bank Adjusts Key Financial Rates - Official News,LONDON — Researchers at Oxford University published findings in Nature Medicine analyzing the clinical efficacy of novel immunotherapies across five major hospital trials. Reporting according to official press release #123. Verified by independent Reuters standards and institutional statements.,politics,2026-01-01,0,REAL
"SECRET GOVERNMENT PROJECT EXPOSED: SHOCKING: Drinking Lemon Juice Mixed With Miracle Powder Cures All Incurable Diseases Overnight, Doctors Don't Want You To Know!","SHOCKING: Drinking Lemon Juice Mixed With Miracle Powder Cures All Incurable Diseases Overnight, Doctors Don't Want You To Know! Article ID #251 claiming sensational facts without empirical verification or peer review. Click here to read more shocking evidence!",News,2026-01-01,1,FAKE
"LEAKED REPORT PROVES CONSPIRACY: EXCLUSIVE: Famous Celebrity Replaced By Hologram During Live Interview, Fans Notice Strange Glitch In Eyes!","EXCLUSIVE: Famous Celebrity Replaced By Hologram During Live Interview, Fans Notice Strange Glitch In Eyes! Article ID #145 claiming sensational facts without empirical verification or peer review. Click here to read more shocking evidence!",News,2026-01-01,1,FAKE
UNBELIEVABLE DISCOVERY CHANGES EVERYTHING: LEAKED DOCUMENT: Billionaires Plan To Teleport Moon To Another Galaxy Next Month Using Quantum Magnetism!,LEAKED DOCUMENT: Billionaires Plan To Teleport Moon To Another Galaxy Next Month Using Quantum Magnetism! Article ID #132 claiming sensational facts without empirical verification or peer review. Click here to read more shocking evidence!,News,2026-01-01,1,FAKE
Tech Firm Announces Quarterly Revenue Growth - Official News,TORONTO — Canadian research council announced major grant funding for renewable energy infrastructure and smart grid modernization projects. Reporting according to official press release #29. Verified by independent Reuters standards and institutional statements.,politics,2026-01-01,0,REAL
University Study Validates Health Findings - Official News,NEW YORK — Wall Street indexes closed moderately higher as earnings reports from major manufacturing and technology firms exceeded consensus analyst estimates. Reporting according to official press release #15. Verified by independent Reuters standards and institutional statements.,politics,2026-01-01,0,REAL
University Study Validates Health Findings - Official News,SYDNEY — Marine biologists documented significant coral regeneration across targeted sanctuary zones following intensive conservation management programs. Reporting according to official press release #7. Verified by independent Reuters standards and institutional statements.,politics,2026-01-01,0,REAL
Official Statement Released by Ministry - Official News,BERLIN — European aerospace consortium completed successful high-altitude test flights for hydrogen-powered zero-emission commercial flight prototypes. Reporting according to official press release #136. Verified by independent Reuters standards and institutional statements.,politics,2026-01-01,0,REAL
SHOCKING TRUTH REVEALED: BREAKING: Secret Alien Technology Discovered in Underground Bunker! Government Hiding The Truth From Citizens! Scientists Shocked!,BREAKING: Secret Alien Technology Discovered in Underground Bunker! Government Hiding The Truth From Citizens! Scientists Shocked! Article ID #240 claiming sensational facts without empirical verification or peer review. Click here to read more shocking evidence!,News,2026-01-01,1,FAKE
Tech Firm Announces Quarterly Revenue Growth - Official News,SYDNEY — Marine biologists documented significant coral regeneration across targeted sanctuary zones following intensive conservation management programs. Reporting according to official press release #117. Verified by independent Reuters standards and institutional statements.,politics,2026-01-01,0,REAL
LEAKED REPORT PROVES CONSPIRACY: MIRACLE REMEDY: Ancient Tree Bark Powder Banishes Stress And Makes You Fly In Your Sleep!,MIRACLE REMEDY: Ancient Tree Bark Powder Banishes Stress And Makes You Fly In Your Sleep! Article ID #297 claiming sensational facts without empirical verification or peer review. Click here to read more shocking evidence!,News,2026-01-01,1,FAKE
MIRACLE CURE SPREADING FAST: LEAKED DOCUMENT: Billionaires Plan To Teleport Moon To Another Galaxy Next Month Using Quantum Magnetism!,LEAKED DOCUMENT: Billionaires Plan To Teleport Moon To Another Galaxy Next Month Using Quantum Magnetism! Article ID #182 claiming sensational facts without empirical verification or peer review. Click here to read more shocking evidence!,News,2026-01-01,1,FAKE
DOCTORS HATE THIS SIMPLE TRICK: WARNING: Microwave Ovens Are Sending Secret Signals To Deep Space Satellites Without User Knowledge!,WARNING: Microwave Ovens Are Sending Secret Signals To Deep Space Satellites Without User Knowledge! Article ID #218 claiming sensational facts without empirical verification or peer review. Click here to read more shocking evidence!,News,2026-01-01,1,FAKE
Official Statement Released by Ministry - Official News,TOKYO — Tech innovators unveiled a new semiconductor fabrication process designed to increase energy efficiency in data centers by twenty percent. Reporting according to official press release #112. Verified by independent Reuters standards and institutional statements.,politics,2026-01-01,0,REAL
CELEBRITY SCANDAL LEAKS ONLINE: CONFIRMED: Eating Chocolate 10 Times A Day Reverses Aging Instantly According To Anonymous Unnamed Blogger!,CONFIRMED: Eating Chocolate 10 Times A Day Reverses Aging Instantly According To Anonymous Unnamed Blogger! Article ID #293 claiming sensational facts without empirical verification or peer review. Click here to read more shocking evidence!,News,2026-01-01,1,FAKE
SECRET GOVERNMENT PROJECT EXPOSED: CONFIRMED: Eating Chocolate 10 Times A Day Reverses Aging Instantly According To Anonymous Unnamed Blogger!,CONFIRMED: Eating Chocolate 10 Times A Day Reverses Aging Instantly According To Anonymous Unnamed Blogger! Article ID #83 claiming sensational facts without empirical verification or peer review. Click here to read more shocking evidence!,News,2026-01-01,1,FAKE
Central Bank Adjusts Key Financial Rates - Official News,LONDON — Researchers at Oxford University published findings in Nature Medicine analyzing the clinical efficacy of novel immunotherapies across five major hospital trials. Reporting according to official press release #83. Verified by independent Reuters standards and institutional statements.,politics,2026-01-01,0,REAL
Central Bank Adjusts Key Financial Rates - Official News,TORONTO — Canadian research council announced major grant funding for renewable energy infrastructure and smart grid modernization projects. Reporting according to official press release #19. Verified by independent Reuters standards and institutional statements.,politics,2026-01-01,0,REAL
Environmental Protection Board Publishes Report - Official News,PARIS — Representatives from 40 nations assembled for the International Climate Summit to outline binding commitments for reducing industrial emissions over the next decade. Reporting according to official press release #254. Verified by independent Reuters standards and institutional statements.,politics,2026-01-01,0,REAL
MIRACLE CURE SPREADING FAST: WARNING: Microwave Ovens Are Sending Secret Signals To Deep Space Satellites Without User Knowledge!,WARNING: Microwave Ovens Are Sending Secret Signals To Deep Space Satellites Without User Knowledge! Article ID #118 claiming sensational facts without empirical verification or peer review. Click here to read more shocking evidence!,News,2026-01-01,1,FAKE
Environmental Protection Board Publishes Report - Official News,PARIS — Representatives from 40 nations assembled for the International Climate Summit to outline binding commitments for reducing industrial emissions over the next decade. Reporting according to official press release #94. Verified by independent Reuters standards and institutional statements.,politics,2026-01-01,0,REAL
Global Summit Reaches Bilateral Accord - Official News,PARIS — Representatives from 40 nations assembled for the International Climate Summit to outline binding commitments for reducing industrial emissions over the next decade. Reporting according to official press release #204. Verified by independent Reuters standards and institutional statements.,politics,2026-01-01,0,REAL
DOCTORS HATE THIS SIMPLE TRICK: SCANDAL: Secret Society Controls Global Weather Patterns Using Giant Microwaves In The Arctic Circle!,SCANDAL: Secret Society Controls Global Weather Patterns Using Giant Microwaves In The Arctic Circle! Article ID #186 claiming sensational facts without empirical verification or peer review. Click here to read more shocking evidence!,News,2026-01-01,1,FAKE
"SECRET GOVERNMENT PROJECT EXPOSED: EXCLUSIVE: Famous Celebrity Replaced By Hologram During Live Interview, Fans Notice Strange Glitch In Eyes!","EXCLUSIVE: Famous Celebrity Replaced By Hologram During Live Interview, Fans Notice Strange Glitch In Eyes! Article ID #75 claiming sensational facts without empirical verification or peer review. Click here to read more shocking evidence!",News,2026-01-01,1,FAKE
Environmental Protection Board Publishes Report - Official News,BRUSSELS — The European Union passed comprehensive regulations standardizing consumer device charging ports across member states. Reporting according to official press release #78. Verified by independent Reuters standards and institutional statements.,politics,2026-01-01,0,REAL
UNBELIEVABLE DISCOVERY CHANGES EVERYTHING: SCANDAL: Secret Society Controls Global Weather Patterns Using Giant Microwaves In The Arctic Circle!,SCANDAL: Secret Society Controls Global Weather Patterns Using Giant Microwaves In The Arctic Circle! Article ID #116 claiming sensational facts without empirical verification or peer review. Click here to read more shocking evidence!,News,2026-01-01,1,FAKE
Environmental Protection Board Publishes Report - Official News,PARIS — Representatives from 40 nations assembled for the International Climate Summit to outline binding commitments for reducing industrial emissions over the next decade. Reporting according to official press release #214. Verified by independent Reuters standards and institutional statements.,politics,2026-01-01,0,REAL
University Study Validates Health Findings - Official News,TORONTO — Canadian research council announced major grant funding for renewable energy infrastructure and smart grid modernization projects. Reporting according to official press release #279. Verified by independent Reuters standards and institutional statements.,politics,2026-01-01,0,REAL
Official Statement Released by Ministry - Official News,PARIS — Representatives from 40 nations assembled for the International Climate Summit to outline binding commitments for reducing industrial emissions over the next decade. Reporting according to official press release #264. Verified by independent Reuters standards and institutional statements.,politics,2026-01-01,0,REAL
University Study Validates Health Findings - Official News,LONDON — Researchers at Oxford University published findings in Nature Medicine analyzing the clinical efficacy of novel immunotherapies across five major hospital trials. Reporting according to official press release #263. Verified by independent Reuters standards and institutional statements.,politics,2026-01-01,0,REAL
Global Summit Reaches Bilateral Accord - Official News,TOKYO — Tech innovators unveiled a new semiconductor fabrication process designed to increase energy efficiency in data centers by twenty percent. Reporting according to official press release #252. Verified by independent Reuters standards and institutional statements.,politics,2026-01-01,0,REAL
Central Bank Adjusts Key Financial Rates - Official News,NEW YORK — Wall Street indexes closed moderately higher as earnings reports from major manufacturing and technology firms exceeded consensus analyst estimates. Reporting according to official press release #35. Verified by independent Reuters standards and institutional statements.,politics,2026-01-01,0,REAL
Scientific Consensus Confirms Trial Results - Official News,TOKYO — Tech innovators unveiled a new semiconductor fabrication process designed to increase energy efficiency in data centers by twenty percent. Reporting according to official press release #162. Verified by independent Reuters standards and institutional statements.,politics,2026-01-01,0,REAL
Tech Firm Announces Quarterly Revenue Growth - Official News,LONDON — Researchers at Oxford University published findings in Nature Medicine analyzing the clinical efficacy of novel immunotherapies across five major hospital trials. Reporting according to official press release #133. Verified by independent Reuters standards and institutional statements.,politics,2026-01-01,0,REAL
WARNING TO ALL CITIZENS: MIRACLE REMEDY: Ancient Tree Bark Powder Banishes Stress And Makes You Fly In Your Sleep!,MIRACLE REMEDY: Ancient Tree Bark Powder Banishes Stress And Makes You Fly In Your Sleep! Article ID #207 claiming sensational facts without empirical verification or peer review. Click here to read more shocking evidence!,News,2026-01-01,1,FAKE
MIRACLE CURE SPREADING FAST: ALERT: Invisible Robots Are Monitoring Your Thoughts Through Standard Household Mirrors! Share Before Deleted!,ALERT: Invisible Robots Are Monitoring Your Thoughts Through Standard Household Mirrors! Share Before Deleted! Article ID #254 claiming sensational facts without empirical verification or peer review. Click here to read more shocking evidence!,News,2026-01-01,1,FAKE
"LEAKED REPORT PROVES CONSPIRACY: SHOCKING: Drinking Lemon Juice Mixed With Miracle Powder Cures All Incurable Diseases Overnight, Doctors Don't Want You To Know!","SHOCKING: Drinking Lemon Juice Mixed With Miracle Powder Cures All Incurable Diseases Overnight, Doctors Don't Want You To Know! Article ID #201 claiming sensational facts without empirical verification or peer review. Click here to read more shocking evidence!",News,2026-01-01,1,FAKE
SECRET GOVERNMENT PROJECT EXPOSED: UNBELIEVABLE: Local Man Discovers Free Unlimited Electricity Using Two Magnets And A Paperclip!,UNBELIEVABLE: Local Man Discovers Free Unlimited Electricity Using Two Magnets And A Paperclip! Article ID #179 claiming sensational facts without empirical verification or peer review. Click here to read more shocking evidence!,News,2026-01-01,1,FAKE
"WARNING TO ALL CITIZENS: EXCLUSIVE: Famous Celebrity Replaced By Hologram During Live Interview, Fans Notice Strange Glitch In Eyes!","EXCLUSIVE: Famous Celebrity Replaced By Hologram During Live Interview, Fans Notice Strange Glitch In Eyes! Article ID #15 claiming sensational facts without empirical verification or peer review. Click here to read more shocking evidence!",News,2026-01-01,1,FAKE
DOCTORS HATE THIS SIMPLE TRICK: SCANDAL: Secret Society Controls Global Weather Patterns Using Giant Microwaves In The Arctic Circle!,SCANDAL: Secret Society Controls Global Weather Patterns Using Giant Microwaves In The Arctic Circle! Article ID #106 claiming sensational facts without empirical verification or peer review. Click here to read more shocking evidence!,News,2026-01-01,1,FAKE
Official Statement Released by Ministry - Official News,BRUSSELS — The European Union passed comprehensive regulations standardizing consumer device charging ports across member states. Reporting according to official press release #248. Verified by independent Reuters standards and institutional statements.,politics,2026-01-01,0,REAL
Official Statement Released by Ministry - Official News,BERLIN — European aerospace consortium completed successful high-altitude test flights for hydrogen-powered zero-emission commercial flight prototypes. Reporting according to official press release #256. Verified by independent Reuters standards and institutional statements.,politics,2026-01-01,0,REAL
SHOCKING TRUTH REVEALED: SCANDAL: Secret Society Controls Global Weather Patterns Using Giant Microwaves In The Arctic Circle!,SCANDAL: Secret Society Controls Global Weather Patterns Using Giant Microwaves In The Arctic Circle! Article ID #96 claiming sensational facts without empirical verification or peer review. Click here to read more shocking evidence!,News,2026-01-01,1,FAKE
SHOCKING TRUTH REVEALED: WARNING: Microwave Ovens Are Sending Secret Signals To Deep Space Satellites Without User Knowledge!,WARNING: Microwave Ovens Are Sending Secret Signals To Deep Space Satellites Without User Knowledge! Article ID #8 claiming sensational facts without empirical verification or peer review. Click here to read more shocking evidence!,News,2026-01-01,1,FAKE
WARNING TO ALL CITIZENS: UNBELIEVABLE: Local Man Discovers Free Unlimited Electricity Using Two Magnets And A Paperclip!,UNBELIEVABLE: Local Man Discovers Free Unlimited Electricity Using Two Magnets And A Paperclip! Article ID #279 claiming sensational facts without empirical verification or peer review. Click here to read more shocking evidence!,News,2026-01-01,1,FAKE
Scientific Consensus Confirms Trial Results - Official News,PARIS — Representatives from 40 nations assembled for the International Climate Summit to outline binding commitments for reducing industrial emissions over the next decade. Reporting according to official press release #194. Verified by independent Reuters standards and institutional statements.,politics,2026-01-01,0,REAL
Central Bank Adjusts Key Financial Rates - Official News,NEW YORK — Wall Street indexes closed moderately higher as earnings reports from major manufacturing and technology firms exceeded consensus analyst estimates. Reporting according to official press release #195. Verified by independent Reuters standards and institutional statements.,politics,2026-01-01,0,REAL
MIRACLE CURE SPREADING FAST: ALERT: Invisible Robots Are Monitoring Your Thoughts Through Standard Household Mirrors! Share Before Deleted!,ALERT: Invisible Robots Are Monitoring Your Thoughts Through Standard Household Mirrors! Share Before Deleted! Article ID #294 claiming sensational facts without empirical verification or peer review. Click here to read more shocking evidence!,News,2026-01-01,1,FAKE
Global Summit Reaches Bilateral Accord - Official News,TOKYO — Tech innovators unveiled a new semiconductor fabrication process designed to increase energy efficiency in data centers by twenty percent. Reporting according to official press release #12. Verified by independent Reuters standards and institutional statements.,politics,2026-01-01,0,REAL
Official Statement Released by Ministry - Official News,"WASHINGTON — The Federal Reserve announced a quarter-point interest rate adjustment following its policy meeting, citing inflation trends and employment data. Reporting according to official press release #120. Verified by independent Reuters standards and institutional statements.",politics,2026-01-01,0,REAL
DOCTORS HATE THIS SIMPLE TRICK: SCANDAL: Secret Society Controls Global Weather Patterns Using Giant Microwaves In The Arctic Circle!,SCANDAL: Secret Society Controls Global Weather Patterns Using Giant Microwaves In The Arctic Circle! Article ID #66 claiming sensational facts without empirical verification or peer review. Click here to read more shocking evidence!,News,2026-01-01,1,FAKE
Central Bank Adjusts Key Financial Rates - Official News,TORONTO — Canadian research council announced major grant funding for renewable energy infrastructure and smart grid modernization projects. Reporting according to official press release #179. Verified by independent Reuters standards and institutional statements.,politics,2026-01-01,0,REAL
Official Statement Released by Ministry - Official News,"WASHINGTON — The Federal Reserve announced a quarter-point interest rate adjustment following its policy meeting, citing inflation trends and employment data. Reporting according to official press release #160. Verified by independent Reuters standards and institutional statements.",politics,2026-01-01,0,REAL
MIRACLE CURE SPREADING FAST: WARNING: Microwave Ovens Are Sending Secret Signals To Deep Space Satellites Without User Knowledge!,WARNING: Microwave Ovens Are Sending Secret Signals To Deep Space Satellites Without User Knowledge! Article ID #198 claiming sensational facts without empirical verification or peer review. Click here to read more shocking evidence!,News,2026-01-01,1,FAKE
University Study Validates Health Findings - Official News,GENEVA — The World Health Organization released updated global health guidelines recommending balanced diets and regular physical activity to reduce cardiovascular risks. Reporting according to official press release #231. Verified by independent Reuters standards and institutional statements.,politics,2026-01-01,0,REAL
"SECRET GOVERNMENT PROJECT EXPOSED: SHOCKING: Drinking Lemon Juice Mixed With Miracle Powder Cures All Incurable Diseases Overnight, Doctors Don't Want You To Know!","SHOCKING: Drinking Lemon Juice Mixed With Miracle Powder Cures All Incurable Diseases Overnight, Doctors Don't Want You To Know! Article ID #171 claiming sensational facts without empirical verification or peer review. Click here to read more shocking evidence!",News,2026-01-01,1,FAKE
Official Statement Released by Ministry - Official News,TOKYO — Tech innovators unveiled a new semiconductor fabrication process designed to increase energy efficiency in data centers by twenty percent. Reporting according to official press release #192. Verified by independent Reuters standards and institutional statements.,politics,2026-01-01,0,REAL
Central Bank Adjusts Key Financial Rates - Official News,NEW YORK — Wall Street indexes closed moderately higher as earnings reports from major manufacturing and technology firms exceeded consensus analyst estimates. Reporting according to official press release #235. Verified by independent Reuters standards and institutional statements.,politics,2026-01-01,0,REAL
Official Statement Released by Ministry - Official News,TOKYO — Tech innovators unveiled a new semiconductor fabrication process designed to increase energy efficiency in data centers by twenty percent. Reporting according to official press release #152. Verified by independent Reuters standards and institutional statements.,politics,2026-01-01,0,REAL
WARNING TO ALL CITIZENS: UNBELIEVABLE: Local Man Discovers Free Unlimited Electricity Using Two Magnets And A Paperclip!,UNBELIEVABLE: Local Man Discovers Free Unlimited Electricity Using Two Magnets And A Paperclip! Article ID #119 claiming sensational facts without empirical verification or peer review. Click here to read more shocking evidence!,News,2026-01-01,1,FAKE
Tech Firm Announces Quarterly Revenue Growth - Official News,TORONTO — Canadian research council announced major grant funding for renewable energy infrastructure and smart grid modernization projects. Reporting according to official press release #109. Verified by independent Reuters standards and institutional statements.,politics,2026-01-01,0,REAL
Global Summit Reaches Bilateral Accord - Official News,BERLIN — European aerospace consortium completed successful high-altitude test flights for hydrogen-powered zero-emission commercial flight prototypes. Reporting according to official press release #76. Verified by independent Reuters standards and institutional statements.,politics,2026-01-01,0,REAL
UNBELIEVABLE DISCOVERY CHANGES EVERYTHING: LEAKED DOCUMENT: Billionaires Plan To Teleport Moon To Another Galaxy Next Month Using Quantum Magnetism!,LEAKED DOCUMENT: Billionaires Plan To Teleport Moon To Another Galaxy Next Month Using Quantum Magnetism! Article ID #172 claiming sensational facts without empirical verification or peer review. Click here to read more shocking evidence!,News,2026-01-01,1,FAKE
SECRET GOVERNMENT PROJECT EXPOSED: MIRACLE REMEDY: Ancient Tree Bark Powder Banishes Stress And Makes You Fly In Your Sleep!,MIRACLE REMEDY: Ancient Tree Bark Powder Banishes Stress And Makes You Fly In Your Sleep! Article ID #147 claiming sensational facts without empirical verification or peer review. Click here to read more shocking evidence!,News,2026-01-01,1,FAKE
UNBELIEVABLE DISCOVERY CHANGES EVERYTHING: BREAKING: Secret Alien Technology Discovered in Underground Bunker! Government Hiding The Truth From Citizens! Scientists Shocked!,BREAKING: Secret Alien Technology Discovered in Underground Bunker! Government Hiding The Truth From Citizens! Scientists Shocked! Article ID #100 claiming sensational facts without empirical verification or peer review. Click here to read more shocking evidence!,News,2026-01-01,1,FAKE
SHOCKING TRUTH REVEALED: WARNING: Microwave Ovens Are Sending Secret Signals To Deep Space Satellites Without User Knowledge!,WARNING: Microwave Ovens Are Sending Secret Signals To Deep Space Satellites Without User Knowledge! Article ID #168 claiming sensational facts without empirical verification or peer review. Click here to read more shocking evidence!,News,2026-01-01,1,FAKE
Global Summit Reaches Bilateral Accord - Official News,"WASHINGTON — The Federal Reserve announced a quarter-point interest rate adjustment following its policy meeting, citing inflation trends and employment data. Reporting according to official press release #260. Verified by independent Reuters standards and institutional statements.",politics,2026-01-01,0,REAL
Official Statement Released by Ministry - Official News,"WASHINGTON — The Federal Reserve announced a quarter-point interest rate adjustment following its policy meeting, citing inflation trends and employment data. Reporting according to official press release #40. Verified by independent Reuters standards and institutional statements.",politics,2026-01-01,0,REAL
Environmental Protection Board Publishes Report - Official News,BERLIN — European aerospace consortium completed successful high-altitude test flights for hydrogen-powered zero-emission commercial flight prototypes. Reporting according to official press release #286. Verified by independent Reuters standards and institutional statements.,politics,2026-01-01,0,REAL
SHOCKING TRUTH REVEALED: BREAKING: Secret Alien Technology Discovered in Underground Bunker! Government Hiding The Truth From Citizens! Scientists Shocked!,BREAKING: Secret Alien Technology Discovered in Underground Bunker! Government Hiding The Truth From Citizens! Scientists Shocked! Article ID #200 claiming sensational facts without empirical verification or peer review. Click here to read more shocking evidence!,News,2026-01-01,1,FAKE
University Study Validates Health Findings - Official News,GENEVA — The World Health Organization released updated global health guidelines recommending balanced diets and regular physical activity to reduce cardiovascular risks. Reporting according to official press release #151. Verified by independent Reuters standards and institutional statements.,politics,2026-01-01,0,REAL
UNBELIEVABLE DISCOVERY CHANGES EVERYTHING: BREAKING: Secret Alien Technology Discovered in Underground Bunker! Government Hiding The Truth From Citizens! Scientists Shocked!,BREAKING: Secret Alien Technology Discovered in Underground Bunker! Government Hiding The Truth From Citizens! Scientists Shocked! Article ID #140 claiming sensational facts without empirical verification or peer review. Click here to read more shocking evidence!,News,2026-01-01,1,FAKE
DOCTORS HATE THIS SIMPLE TRICK: ALERT: Invisible Robots Are Monitoring Your Thoughts Through Standard Household Mirrors! Share Before Deleted!,ALERT: Invisible Robots Are Monitoring Your Thoughts Through Standard Household Mirrors! Share Before Deleted! Article ID #74 claiming sensational facts without empirical verification or peer review. Click here to read more shocking evidence!,News,2026-01-01,1,FAKE
MIRACLE CURE SPREADING FAST: LEAKED DOCUMENT: Billionaires Plan To Teleport Moon To Another Galaxy Next Month Using Quantum Magnetism!,LEAKED DOCUMENT: Billionaires Plan To Teleport Moon To Another Galaxy Next Month Using Quantum Magnetism! Article ID #22 claiming sensational facts without empirical verification or peer review. Click here to read more shocking evidence!,News,2026-01-01,1,FAKE
SHOCKING TRUTH REVEALED: LEAKED DOCUMENT: Billionaires Plan To Teleport Moon To Another Galaxy Next Month Using Quantum Magnetism!,LEAKED DOCUMENT: Billionaires Plan To Teleport Moon To Another Galaxy Next Month Using Quantum Magnetism! Article ID #192 claiming sensational facts without empirical verification or peer review. Click here to read more shocking evidence!,News,2026-01-01,1,FAKE
Official Statement Released by Ministry - Official News,PARIS — Representatives from 40 nations assembled for the International Climate Summit to outline binding commitments for reducing industrial emissions over the next decade. Reporting according to official press release #24. Verified by independent Reuters standards and institutional statements.,politics,2026-01-01,0,REAL
MIRACLE CURE SPREADING FAST: ALERT: Invisible Robots Are Monitoring Your Thoughts Through Standard Household Mirrors! Share Before Deleted!,ALERT: Invisible Robots Are Monitoring Your Thoughts Through Standard Household Mirrors! Share Before Deleted! Article ID #14 claiming sensational facts without empirical verification or peer review. Click here to read more shocking evidence!,News,2026-01-01,1,FAKE
Global Summit Reaches Bilateral Accord - Official News,BERLIN — European aerospace consortium completed successful high-altitude test flights for hydrogen-powered zero-emission commercial flight prototypes. Reporting according to official press release #116. Verified by independent Reuters standards and institutional statements.,politics,2026-01-01,0,REAL
DOCTORS HATE THIS SIMPLE TRICK: WARNING: Microwave Ovens Are Sending Secret Signals To Deep Space Satellites Without User Knowledge!,WARNING: Microwave Ovens Are Sending Secret Signals To Deep Space Satellites Without User Knowledge! Article ID #258 claiming sensational facts without empirical verification or peer review. Click here to read more shocking evidence!,News,2026-01-01,1,FAKE
DOCTORS HATE THIS SIMPLE TRICK: LEAKED DOCUMENT: Billionaires Plan To Teleport Moon To Another Galaxy Next Month Using Quantum Magnetism!,LEAKED DOCUMENT: Billionaires Plan To Teleport Moon To Another Galaxy Next Month Using Quantum Magnetism! Article ID #42 claiming sensational facts without empirical verification or peer review. Click here to read more shocking evidence!,News,2026-01-01,1,FAKE
UNBELIEVABLE DISCOVERY CHANGES EVERYTHING: WARNING: Microwave Ovens Are Sending Secret Signals To Deep Space Satellites Without User Knowledge!,WARNING: Microwave Ovens Are Sending Secret Signals To Deep Space Satellites Without User Knowledge! Article ID #148 claiming sensational facts without empirical verification or peer review. Click here to read more shocking evidence!,News,2026-01-01,1,FAKE
SECRET GOVERNMENT PROJECT EXPOSED: MIRACLE REMEDY: Ancient Tree Bark Powder Banishes Stress And Makes You Fly In Your Sleep!,MIRACLE REMEDY: Ancient Tree Bark Powder Banishes Stress And Makes You Fly In Your Sleep! Article ID #107 claiming sensational facts without empirical verification or peer review. Click here to read more shocking evidence!,News,2026-01-01,1,FAKE
MIRACLE CURE SPREADING FAST: LEAKED DOCUMENT: Billionaires Plan To Teleport Moon To Another Galaxy Next Month Using Quantum Magnetism!,LEAKED DOCUMENT: Billionaires Plan To Teleport Moon To Another Galaxy Next Month Using Quantum Magnetism! Article ID #262 claiming sensational facts without empirical verification or peer review. Click here to read more shocking evidence!,News,2026-01-01,1,FAKE
MIRACLE CURE SPREADING FAST: SCANDAL: Secret Society Controls Global Weather Patterns Using Giant Microwaves In The Arctic Circle!,SCANDAL: Secret Society Controls Global Weather Patterns Using Giant Microwaves In The Arctic Circle! Article ID #86 claiming sensational facts without empirical verification or peer review. Click here to read more shocking evidence!,News,2026-01-01,1,FAKE
CELEBRITY SCANDAL LEAKS ONLINE: UNBELIEVABLE: Local Man Discovers Free Unlimited Electricity Using Two Magnets And A Paperclip!,UNBELIEVABLE: Local Man Discovers Free Unlimited Electricity Using Two Magnets And A Paperclip! Article ID #269 claiming sensational facts without empirical verification or peer review. Click here to read more shocking evidence!,News,2026-01-01,1,FAKE
DOCTORS HATE THIS SIMPLE TRICK: WARNING: Microwave Ovens Are Sending Secret Signals To Deep Space Satellites Without User Knowledge!,WARNING: Microwave Ovens Are Sending Secret Signals To Deep Space Satellites Without User Knowledge! Article ID #178 claiming sensational facts without empirical verification or peer review. Click here to read more shocking evidence!,News,2026-01-01,1,FAKE
"SECRET GOVERNMENT PROJECT EXPOSED: SHOCKING: Drinking Lemon Juice Mixed With Miracle Powder Cures All Incurable Diseases Overnight, Doctors Don't Want You To Know!","SHOCKING: Drinking Lemon Juice Mixed With Miracle Powder Cures All Incurable Diseases Overnight, Doctors Don't Want You To Know! Article ID #131 claiming sensational facts without empirical verification or peer review. Click here to read more shocking evidence!",News,2026-01-01,1,FAKE
Environmental Protection Board Publishes Report - Official News,TOKYO — Tech innovators unveiled a new semiconductor fabrication process designed to increase energy efficiency in data centers by twenty percent. Reporting according to official press release #262. Verified by independent Reuters standards and institutional statements.,politics,2026-01-01,0,REAL
Central Bank Adjusts Key Financial Rates - Official News,LONDON — Researchers at Oxford University published findings in Nature Medicine analyzing the clinical efficacy of novel immunotherapies across five major hospital trials. Reporting according to official press release #163. Verified by independent Reuters standards and institutional statements.,politics,2026-01-01,0,REAL
University Study Validates Health Findings - Official News,LONDON — Researchers at Oxford University published findings in Nature Medicine analyzing the clinical efficacy of novel immunotherapies across five major hospital trials. Reporting according to official press release #143. Verified by independent Reuters standards and institutional statements.,politics,2026-01-01,0,REAL
University Study Validates Health Findings - Official News,NEW YORK — Wall Street indexes closed moderately higher as earnings reports from major manufacturing and technology firms exceeded consensus analyst estimates. Reporting according to official press release #95. Verified by independent Reuters standards and institutional statements.,politics,2026-01-01,0,REAL
Global Summit Reaches Bilateral Accord - Official News,TOKYO — Tech innovators unveiled a new semiconductor fabrication process designed to increase energy efficiency in data centers by twenty percent. Reporting according to official press release #172. Verified by independent Reuters standards and institutional statements.,politics,2026-01-01,0,REAL
Scientific Consensus Confirms Trial Results - Official News,BERLIN — European aerospace consortium completed successful high-altitude test flights for hydrogen-powered zero-emission commercial flight prototypes. Reporting according to official press release #146. Verified by independent Reuters standards and institutional statements.,politics,2026-01-01,0,REAL
Environmental Protection Board Publishes Report - Official News,BERLIN — European aerospace consortium completed successful high-altitude test flights for hydrogen-powered zero-emission commercial flight prototypes. Reporting according to official press release #126. Verified by independent Reuters standards and institutional statements.,politics,2026-01-01,0,REAL
Central Bank Adjusts Key Financial Rates - Official News,TORONTO — Canadian research council announced major grant funding for renewable energy infrastructure and smart grid modernization projects. Reporting according to official press release #259. Verified by independent Reuters standards and institutional statements.,politics,2026-01-01,0,REAL
Scientific Consensus Confirms Trial Results - Official News,TOKYO — Tech innovators unveiled a new semiconductor fabrication process designed to increase energy efficiency in data centers by twenty percent. Reporting according to official press release #202. Verified by independent Reuters standards and institutional statements.,politics,2026-01-01,0,REAL
MIRACLE CURE SPREADING FAST: SCANDAL: Secret Society Controls Global Weather Patterns Using Giant Microwaves In The Arctic Circle!,SCANDAL: Secret Society Controls Global Weather Patterns Using Giant Microwaves In The Arctic Circle! Article ID #286 claiming sensational facts without empirical verification or peer review. Click here to read more shocking evidence!,News,2026-01-01,1,FAKE
Central Bank Adjusts Key Financial Rates - Official News,NEW YORK — Wall Street indexes closed moderately higher as earnings reports from major manufacturing and technology firms exceeded consensus analyst estimates. Reporting according to official press release #155. Verified by independent Reuters standards and institutional statements.,politics,2026-01-01,0,REAL
"SECRET GOVERNMENT PROJECT EXPOSED: SHOCKING: Drinking Lemon Juice Mixed With Miracle Powder Cures All Incurable Diseases Overnight, Doctors Don't Want You To Know!","SHOCKING: Drinking Lemon Juice Mixed With Miracle Powder Cures All Incurable Diseases Overnight, Doctors Don't Want You To Know! Article ID #51 claiming sensational facts without empirical verification or peer review. Click here to read more shocking evidence!",News,2026-01-01,1,FAKE
Environmental Protection Board Publishes Report - Official News,"WASHINGTON — The Federal Reserve announced a quarter-point interest rate adjustment following its policy meeting, citing inflation trends and employment data. Reporting according to official press release #190. Verified by independent Reuters standards and institutional statements.",politics,2026-01-01,0,REAL
Economic Growth Indicators Show Stability - Official News,SYDNEY — Marine biologists documented significant coral regeneration across targeted sanctuary zones following intensive conservation management programs. Reporting according to official press release #17. Verified by independent Reuters standards and institutional statements.,politics,2026-01-01,0,REAL
LEAKED REPORT PROVES CONSPIRACY: MIRACLE REMEDY: Ancient Tree Bark Powder Banishes Stress And Makes You Fly In Your Sleep!,MIRACLE REMEDY: Ancient Tree Bark Powder Banishes Stress And Makes You Fly In Your Sleep! Article ID #177 claiming sensational facts without empirical verification or peer review. Click here to read more shocking evidence!,News,2026-01-01,1,FAKE
University Study Validates Health Findings - Official News,NEW YORK — Wall Street indexes closed moderately higher as earnings reports from major manufacturing and technology firms exceeded consensus analyst estimates. Reporting according to official press release #55. Verified by independent Reuters standards and institutional statements.,politics,2026-01-01,0,REAL
Global Summit Reaches Bilateral Accord - Official News,PARIS — Representatives from 40 nations assembled for the International Climate Summit to outline binding commitments for reducing industrial emissions over the next decade. Reporting according to official press release #284. Verified by independent Reuters standards and institutional statements.,politics,2026-01-01,0,REAL
CELEBRITY SCANDAL LEAKS ONLINE: MIRACLE REMEDY: Ancient Tree Bark Powder Banishes Stress And Makes You Fly In Your Sleep!,MIRACLE REMEDY: Ancient Tree Bark Powder Banishes Stress And Makes You Fly In Your Sleep! Article ID #237 claiming sensational facts without empirical verification or peer review. Click here to read more shocking evidence!,News,2026-01-01,1,FAKE
UNBELIEVABLE DISCOVERY CHANGES EVERYTHING: WARNING: Microwave Ovens Are Sending Secret Signals To Deep Space Satellites Without User Knowledge!,WARNING: Microwave Ovens Are Sending Secret Signals To Deep Space Satellites Without User Knowledge! Article ID #68 claiming sensational facts without empirical verification or peer review. Click here to read more shocking evidence!,News,2026-01-01,1,FAKE
UNBELIEVABLE DISCOVERY CHANGES EVERYTHING: ALERT: Invisible Robots Are Monitoring Your Thoughts Through Standard Household Mirrors! Share Before Deleted!,ALERT: Invisible Robots Are Monitoring Your Thoughts Through Standard Household Mirrors! Share Before Deleted! Article ID #164 claiming sensational facts without empirical verification or peer review. Click here to read more shocking evidence!,News,2026-01-01,1,FAKE
"SECRET GOVERNMENT PROJECT EXPOSED: SHOCKING: Drinking Lemon Juice Mixed With Miracle Powder Cures All Incurable Diseases Overnight, Doctors Don't Want You To Know!","SHOCKING: Drinking Lemon Juice Mixed With Miracle Powder Cures All Incurable Diseases Overnight, Doctors Don't Want You To Know! Article ID #211 claiming sensational facts without empirical verification or peer review. Click here to read more shocking evidence!",News,2026-01-01,1,FAKE
LEAKED REPORT PROVES CONSPIRACY: CONFIRMED: Eating Chocolate 10 Times A Day Reverses Aging Instantly According To Anonymous Unnamed Blogger!,CONFIRMED: Eating Chocolate 10 Times A Day Reverses Aging Instantly According To Anonymous Unnamed Blogger! Article ID #193 claiming sensational facts without empirical verification or peer review. Click here to read more shocking evidence!,News,2026-01-01,1,FAKE
"SECRET GOVERNMENT PROJECT EXPOSED: EXCLUSIVE: Famous Celebrity Replaced By Hologram During Live Interview, Fans Notice Strange Glitch In Eyes!","EXCLUSIVE: Famous Celebrity Replaced By Hologram During Live Interview, Fans Notice Strange Glitch In Eyes! Article ID #155 claiming sensational facts without empirical verification or peer review. Click here to read more shocking evidence!",News,2026-01-01,1,FAKE
Central Bank Adjusts Key Financial Rates - Official News,NEW YORK — Wall Street indexes closed moderately higher as earnings reports from major manufacturing and technology firms exceeded consensus analyst estimates. Reporting according to official press release #275. Verified by independent Reuters standards and institutional statements.,politics,2026-01-01,0,REAL
"LEAKED REPORT PROVES CONSPIRACY: EXCLUSIVE: Famous Celebrity Replaced By Hologram During Live Interview, Fans Notice Strange Glitch In Eyes!","EXCLUSIVE: Famous Celebrity Replaced By Hologram During Live Interview, Fans Notice Strange Glitch In Eyes! Article ID #105 claiming sensational facts without empirical verification or peer review. Click here to read more shocking evidence!",News,2026-01-01,1,FAKE
"CELEBRITY SCANDAL LEAKS ONLINE: EXCLUSIVE: Famous Celebrity Replaced By Hologram During Live Interview, Fans Notice Strange Glitch In Eyes!","EXCLUSIVE: Famous Celebrity Replaced By Hologram During Live Interview, Fans Notice Strange Glitch In Eyes! Article ID #45 claiming sensational facts without empirical verification or peer review. Click here to read more shocking evidence!",News,2026-01-01,1,FAKE
CELEBRITY SCANDAL LEAKS ONLINE: UNBELIEVABLE: Local Man Discovers Free Unlimited Electricity Using Two Magnets And A Paperclip!,UNBELIEVABLE: Local Man Discovers Free Unlimited Electricity Using Two Magnets And A Paperclip! Article ID #189 claiming sensational facts without empirical verification or peer review. Click here to read more shocking evidence!,News,2026-01-01,1,FAKE
UNBELIEVABLE DISCOVERY CHANGES EVERYTHING: BREAKING: Secret Alien Technology Discovered in Underground Bunker! Government Hiding The Truth From Citizens! Scientists Shocked!,BREAKING: Secret Alien Technology Discovered in Underground Bunker! Government Hiding The Truth From Citizens! Scientists Shocked! Article ID #60 claiming sensational facts without empirical verification or peer review. Click here to read more shocking evidence!,News,2026-01-01,1,FAKE
University Study Validates Health Findings - Official News,LONDON — Researchers at Oxford University published findings in Nature Medicine analyzing the clinical efficacy of novel immunotherapies across five major hospital trials. Reporting according to official press release #103. Verified by independent Reuters standards and institutional statements.,politics,2026-01-01,0,REAL
MIRACLE CURE SPREADING FAST: WARNING: Microwave Ovens Are Sending Secret Signals To Deep Space Satellites Without User Knowledge!,WARNING: Microwave Ovens Are Sending Secret Signals To Deep Space Satellites Without User Knowledge! Article ID #158 claiming sensational facts without empirical verification or peer review. Click here to read more shocking evidence!,News,2026-01-01,1,FAKE
DOCTORS HATE THIS SIMPLE TRICK: SCANDAL: Secret Society Controls Global Weather Patterns Using Giant Microwaves In The Arctic Circle!,SCANDAL: Secret Society Controls Global Weather Patterns Using Giant Microwaves In The Arctic Circle! Article ID #266 claiming sensational facts without empirical verification or peer review. Click here to read more shocking evidence!,News,2026-01-01,1,FAKE
SHOCKING TRUTH REVEALED: ALERT: Invisible Robots Are Monitoring Your Thoughts Through Standard Household Mirrors! Share Before Deleted!,ALERT: Invisible Robots Are Monitoring Your Thoughts Through Standard Household Mirrors! Share Before Deleted! Article ID #184 claiming sensational facts without empirical verification or peer review. Click here to read more shocking evidence!,News,2026-01-01,1,FAKE
DOCTORS HATE THIS SIMPLE TRICK: BREAKING: Secret Alien Technology Discovered in Underground Bunker! Government Hiding The Truth From Citizens! Scientists Shocked!,BREAKING: Secret Alien Technology Discovered in Underground Bunker! Government Hiding The Truth From Citizens! Scientists Shocked! Article ID #90 claiming sensational facts without empirical verification or peer review. Click here to read more shocking evidence!,News,2026-01-01,1,FAKE
"CELEBRITY SCANDAL LEAKS ONLINE: SHOCKING: Drinking Lemon Juice Mixed With Miracle Powder Cures All Incurable Diseases Overnight, Doctors Don't Want You To Know!","SHOCKING: Drinking Lemon Juice Mixed With Miracle Powder Cures All Incurable Diseases Overnight, Doctors Don't Want You To Know! Article ID #221 claiming sensational facts without empirical verification or peer review. Click here to read more shocking evidence!",News,2026-01-01,1,FAKE
WARNING TO ALL CITIZENS: CONFIRMED: Eating Chocolate 10 Times A Day Reverses Aging Instantly According To Anonymous Unnamed Blogger!,CONFIRMED: Eating Chocolate 10 Times A Day Reverses Aging Instantly According To Anonymous Unnamed Blogger! Article ID #63 claiming sensational facts without empirical verification or peer review. Click here to read more shocking evidence!,News,2026-01-01,1,FAKE
Central Bank Adjusts Key Financial Rates - Official News,GENEVA — The World Health Organization released updated global health guidelines recommending balanced diets and regular physical activity to reduce cardiovascular risks. Reporting according to official press release #91. Verified by independent Reuters standards and institutional statements.,politics,2026-01-01,0,REAL
Tech Firm Announces Quarterly Revenue Growth - Official News,TORONTO — Canadian research council announced major grant funding for renewable energy infrastructure and smart grid modernization projects. Reporting according to official press release #149. Verified by independent Reuters standards and institutional statements.,politics,2026-01-01,0,REAL
Global Summit Reaches Bilateral Accord - Official News,BRUSSELS — The European Union passed comprehensive regulations standardizing consumer device charging ports across member states. Reporting according to official press release #188. Verified by independent Reuters standards and institutional statements.,politics,2026-01-01,0,REAL
Scientific Consensus Confirms Trial Results - Official News,BERLIN — European aerospace consortium completed successful high-altitude test flights for hydrogen-powered zero-emission commercial flight prototypes. Reporting according to official press release #26. Verified by independent Reuters standards and institutional statements.,politics,2026-01-01,0,REAL
Scientific Consensus Confirms Trial Results - Official News,BRUSSELS — The European Union passed comprehensive regulations standardizing consumer device charging ports across member states. Reporting according to official press release #138. Verified by independent Reuters standards and institutional statements.,politics,2026-01-01,0,REAL
Official Statement Released by Ministry - Official News,"WASHINGTON — The Federal Reserve announced a quarter-point interest rate adjustment following its policy meeting, citing inflation trends and employment data. Reporting according to official press release #80. Verified by independent Reuters standards and institutional statements.",politics,2026-01-01,0,REAL
Tech Firm Announces Quarterly Revenue Growth - Official News,NEW YORK — Wall Street indexes closed moderately higher as earnings reports from major manufacturing and technology firms exceeded consensus analyst estimates. Reporting according to official press release #205. Verified by independent Reuters standards and institutional statements.,politics,2026-01-01,0,REAL
MIRACLE CURE SPREADING FAST: BREAKING: Secret Alien Technology Discovered in Underground Bunker! Government Hiding The Truth From Citizens! Scientists Shocked!,BREAKING: Secret Alien Technology Discovered in Underground Bunker! Government Hiding The Truth From Citizens! Scientists Shocked! Article ID #110 claiming sensational facts without empirical verification or peer review. Click here to read more shocking evidence!,News,2026-01-01,1,FAKE
"CELEBRITY SCANDAL LEAKS ONLINE: EXCLUSIVE: Famous Celebrity Replaced By Hologram During Live Interview, Fans Notice Strange Glitch In Eyes!","EXCLUSIVE: Famous Celebrity Replaced By Hologram During Live Interview, Fans Notice Strange Glitch In Eyes! Article ID #285 claiming sensational facts without empirical verification or peer review. Click here to read more shocking evidence!",News,2026-01-01,1,FAKE
SECRET GOVERNMENT PROJECT EXPOSED: MIRACLE REMEDY: Ancient Tree Bark Powder Banishes Stress And Makes You Fly In Your Sleep!,MIRACLE REMEDY: Ancient Tree Bark Powder Banishes Stress And Makes You Fly In Your Sleep! Article ID #187 claiming sensational facts without empirical verification or peer review. Click here to read more shocking evidence!,News,2026-01-01,1,FAKE
CELEBRITY SCANDAL LEAKS ONLINE: UNBELIEVABLE: Local Man Discovers Free Unlimited Electricity Using Two Magnets And A Paperclip!,UNBELIEVABLE: Local Man Discovers Free Unlimited Electricity Using Two Magnets And A Paperclip! Article ID #149 claiming sensational facts without empirical verification or peer review. Click here to read more shocking evidence!,News,2026-01-01,1,FAKE
Tech Firm Announces Quarterly Revenue Growth - Official News,GENEVA — The World Health Organization released updated global health guidelines recommending balanced diets and regular physical activity to reduce cardiovascular risks. Reporting according to official press release #61. Verified by independent Reuters standards and institutional statements.,politics,2026-01-01,0,REAL
University Study Validates Health Findings - Official News,SYDNEY — Marine biologists documented significant coral regeneration across targeted sanctuary zones following intensive conservation management programs. Reporting according to official press release #127. Verified by independent Reuters standards and institutional statements.,politics,2026-01-01,0,REAL
"WARNING TO ALL CITIZENS: EXCLUSIVE: Famous Celebrity Replaced By Hologram During Live Interview, Fans Notice Strange Glitch In Eyes!","EXCLUSIVE: Famous Celebrity Replaced By Hologram During Live Interview, Fans Notice Strange Glitch In Eyes! Article ID #255 claiming sensational facts without empirical verification or peer review. Click here to read more shocking evidence!",News,2026-01-01,1,FAKE
Scientific Consensus Confirms Trial Results - Official News,BRUSSELS — The European Union passed comprehensive regulations standardizing consumer device charging ports across member states. Reporting according to official press release #218. Verified by independent Reuters standards and institutional statements.,politics,2026-01-01,0,REAL
SHOCKING TRUTH REVEALED: SCANDAL: Secret Society Controls Global Weather Patterns Using Giant Microwaves In The Arctic Circle!,SCANDAL: Secret Society Controls Global Weather Patterns Using Giant Microwaves In The Arctic Circle! Article ID #176 claiming sensational facts without empirical verification or peer review. Click here to read more shocking evidence!,News,2026-01-01,1,FAKE
SECRET GOVERNMENT PROJECT EXPOSED: UNBELIEVABLE: Local Man Discovers Free Unlimited Electricity Using Two Magnets And A Paperclip!,UNBELIEVABLE: Local Man Discovers Free Unlimited Electricity Using Two Magnets And A Paperclip! Article ID #19 claiming sensational facts without empirical verification or peer review. Click here to read more shocking evidence!,News,2026-01-01,1,FAKE
UNBELIEVABLE DISCOVERY CHANGES EVERYTHING: WARNING: Microwave Ovens Are Sending Secret Signals To Deep Space Satellites Without User Knowledge!,WARNING: Microwave Ovens Are Sending Secret Signals To Deep Space Satellites Without User Knowledge! Article ID #28 claiming sensational facts without empirical verification or peer review. Click here to read more shocking evidence!,News,2026-01-01,1,FAKE
SECRET GOVERNMENT PROJECT EXPOSED: MIRACLE REMEDY: Ancient Tree Bark Powder Banishes Stress And Makes You Fly In Your Sleep!,MIRACLE REMEDY: Ancient Tree Bark Powder Banishes Stress And Makes You Fly In Your Sleep! Article ID #227 claiming sensational facts without empirical verification or peer review. Click here to read more shocking evidence!,News,2026-01-01,1,FAKE
WARNING TO ALL CITIZENS: CONFIRMED: Eating Chocolate 10 Times A Day Reverses Aging Instantly According To Anonymous Unnamed Blogger!,CONFIRMED: Eating Chocolate 10 Times A Day Reverses Aging Instantly According To Anonymous Unnamed Blogger! Article ID #143 claiming sensational facts without empirical verification or peer review. Click here to read more shocking evidence!,News,2026-01-01,1,FAKE
Economic Growth Indicators Show Stability - Official News,TORONTO — Canadian research council announced major grant funding for renewable energy infrastructure and smart grid modernization projects. Reporting according to official press release #9. Verified by independent Reuters standards and institutional statements.,politics,2026-01-01,0,REAL
Official Statement Released by Ministry - Official News,"WASHINGTON — The Federal Reserve announced a quarter-point interest rate adjustment following its policy meeting, citing inflation trends and employment data. Reporting according to official press release #280. Verified by independent Reuters standards and institutional statements.",politics,2026-01-01,0,REAL
"WARNING TO ALL CITIZENS: EXCLUSIVE: Famous Celebrity Replaced By Hologram During Live Interview, Fans Notice Strange Glitch In Eyes!","EXCLUSIVE: Famous Celebrity Replaced By Hologram During Live Interview, Fans Notice Strange Glitch In Eyes! Article ID #215 claiming sensational facts without empirical verification or peer review. Click here to read more shocking evidence!",News,2026-01-01,1,FAKE
LEAKED REPORT PROVES CONSPIRACY: CONFIRMED: Eating Chocolate 10 Times A Day Reverses Aging Instantly According To Anonymous Unnamed Blogger!,CONFIRMED: Eating Chocolate 10 Times A Day Reverses Aging Instantly According To Anonymous Unnamed Blogger! Article ID #113 claiming sensational facts without empirical verification or peer review. Click here to read more shocking evidence!,News,2026-01-01,1,FAKE
Economic Growth Indicators Show Stability - Official News,GENEVA — The World Health Organization released updated global health guidelines recommending balanced diets and regular physical activity to reduce cardiovascular risks. Reporting according to official press release #201. Verified by independent Reuters standards and institutional statements.,politics,2026-01-01,0,REAL
University Study Validates Health Findings - Official News,GENEVA — The World Health Organization released updated global health guidelines recommending balanced diets and regular physical activity to reduce cardiovascular risks. Reporting according to official press release #111. Verified by independent Reuters standards and institutional statements.,politics,2026-01-01,0,REAL
Scientific Consensus Confirms Trial Results - Official News,TOKYO — Tech innovators unveiled a new semiconductor fabrication process designed to increase energy efficiency in data centers by twenty percent. Reporting according to official press release #282. Verified by independent Reuters standards and institutional statements.,politics,2026-01-01,0,REAL
Environmental Protection Board Publishes Report - Official News,TOKYO — Tech innovators unveiled a new semiconductor fabrication process designed to increase energy efficiency in data centers by twenty percent. Reporting according to official press release #102. Verified by independent Reuters standards and institutional statements.,politics,2026-01-01,0,REAL
Tech Firm Announces Quarterly Revenue Growth - Official News,LONDON — Researchers at Oxford University published findings in Nature Medicine analyzing the clinical efficacy of novel immunotherapies across five major hospital trials. Reporting according to official press release #13. Verified by independent Reuters standards and institutional statements.,politics,2026-01-01,0,REAL
Central Bank Adjusts Key Financial Rates - Official News,GENEVA — The World Health Organization released updated global health guidelines recommending balanced diets and regular physical activity to reduce cardiovascular risks. Reporting according to official press release #131. Verified by independent Reuters standards and institutional statements.,politics,2026-01-01,0,REAL
"SECRET GOVERNMENT PROJECT EXPOSED: SHOCKING: Drinking Lemon Juice Mixed With Miracle Powder Cures All Incurable Diseases Overnight, Doctors Don't Want You To Know!","SHOCKING: Drinking Lemon Juice Mixed With Miracle Powder Cures All Incurable Diseases Overnight, Doctors Don't Want You To Know! Article ID #11 claiming sensational facts without empirical verification or peer review. Click here to read more shocking evidence!",News,2026-01-01,1,FAKE
Tech Firm Announces Quarterly Revenue Growth - Official News,SYDNEY — Marine biologists documented significant coral regeneration across targeted sanctuary zones following intensive conservation management programs. Reporting according to official press release #197. Verified by independent Reuters standards and institutional statements.,politics,2026-01-01,0,REAL
Global Summit Reaches Bilateral Accord - Official News,"WASHINGTON — The Federal Reserve announced a quarter-point interest rate adjustment following its policy meeting, citing inflation trends and employment data. Reporting according to official press release #100. Verified by independent Reuters standards and institutional statements.",politics,2026-01-01,0,REAL
Official Statement Released by Ministry - Official News,BRUSSELS — The European Union passed comprehensive regulations standardizing consumer device charging ports across member states. Reporting according to official press release #8. Verified by independent Reuters standards and institutional statements.,politics,2026-01-01,0,REAL
WARNING TO ALL CITIZENS: CONFIRMED: Eating Chocolate 10 Times A Day Reverses Aging Instantly According To Anonymous Unnamed Blogger!,CONFIRMED: Eating Chocolate 10 Times A Day Reverses Aging Instantly According To Anonymous Unnamed Blogger! Article ID #23 claiming sensational facts without empirical verification or peer review. Click here to read more shocking evidence!,News,2026-01-01,1,FAKE
CELEBRITY SCANDAL LEAKS ONLINE: CONFIRMED: Eating Chocolate 10 Times A Day Reverses Aging Instantly According To Anonymous Unnamed Blogger!,CONFIRMED: Eating Chocolate 10 Times A Day Reverses Aging Instantly According To Anonymous Unnamed Blogger! Article ID #13 claiming sensational facts without empirical verification or peer review. Click here to read more shocking evidence!,News,2026-01-01,1,FAKE
Environmental Protection Board Publishes Report - Official News,TOKYO — Tech innovators unveiled a new semiconductor fabrication process designed to increase energy efficiency in data centers by twenty percent. Reporting according to official press release #222. Verified by independent Reuters standards and institutional statements.,politics,2026-01-01,0,REAL
"CELEBRITY SCANDAL LEAKS ONLINE: EXCLUSIVE: Famous Celebrity Replaced By Hologram During Live Interview, Fans Notice Strange Glitch In Eyes!","EXCLUSIVE: Famous Celebrity Replaced By Hologram During Live Interview, Fans Notice Strange Glitch In Eyes! Article ID #125 claiming sensational facts without empirical verification or peer review. Click here to read more shocking evidence!",News,2026-01-01,1,FAKE
Environmental Protection Board Publishes Report - Official News,PARIS — Representatives from 40 nations assembled for the International Climate Summit to outline binding commitments for reducing industrial emissions over the next decade. Reporting according to official press release #174. Verified by independent Reuters standards and institutional statements.,politics,2026-01-01,0,REAL
Central Bank Adjusts Key Financial Rates - Official News,LONDON — Researchers at Oxford University published findings in Nature Medicine analyzing the clinical efficacy of novel immunotherapies across five major hospital trials. Reporting according to official press release #203. Verified by independent Reuters standards and institutional statements.,politics,2026-01-01,0,REAL
DOCTORS HATE THIS SIMPLE TRICK: LEAKED DOCUMENT: Billionaires Plan To Teleport Moon To Another Galaxy Next Month Using Quantum Magnetism!,LEAKED DOCUMENT: Billionaires Plan To Teleport Moon To Another Galaxy Next Month Using Quantum Magnetism! Article ID #162 claiming sensational facts without empirical verification or peer review. Click here to read more shocking evidence!,News,2026-01-01,1,FAKE
Scientific Consensus Confirms Trial Results - Official News,PARIS — Representatives from 40 nations assembled for the International Climate Summit to outline binding commitments for reducing industrial emissions over the next decade. Reporting according to official press release #234. Verified by independent Reuters standards and institutional statements.,politics,2026-01-01,0,REAL
UNBELIEVABLE DISCOVERY CHANGES EVERYTHING: LEAKED DOCUMENT: Billionaires Plan To Teleport Moon To Another Galaxy Next Month Using Quantum Magnetism!,LEAKED DOCUMENT: Billionaires Plan To Teleport Moon To Another Galaxy Next Month Using Quantum Magnetism! Article ID #52 claiming sensational facts without empirical verification or peer review. Click here to read more shocking evidence!,News,2026-01-01,1,FAKE
WARNING TO ALL CITIZENS: MIRACLE REMEDY: Ancient Tree Bark Powder Banishes Stress And Makes You Fly In Your Sleep!,MIRACLE REMEDY: Ancient Tree Bark Powder Banishes Stress And Makes You Fly In Your Sleep! Article ID #87 claiming sensational facts without empirical verification or peer review. Click here to read more shocking evidence!,News,2026-01-01,1,FAKE
WARNING TO ALL CITIZENS: CONFIRMED: Eating Chocolate 10 Times A Day Reverses Aging Instantly According To Anonymous Unnamed Blogger!,CONFIRMED: Eating Chocolate 10 Times A Day Reverses Aging Instantly According To Anonymous Unnamed Blogger! Article ID #183 claiming sensational facts without empirical verification or peer review. Click here to read more shocking evidence!,News,2026-01-01,1,FAKE
CELEBRITY SCANDAL LEAKS ONLINE: CONFIRMED: Eating Chocolate 10 Times A Day Reverses Aging Instantly According To Anonymous Unnamed Blogger!,CONFIRMED: Eating Chocolate 10 Times A Day Reverses Aging Instantly According To Anonymous Unnamed Blogger! Article ID #53 claiming sensational facts without empirical verification or peer review. Click here to read more shocking evidence!,News,2026-01-01,1,FAKE
DOCTORS HATE THIS SIMPLE TRICK: ALERT: Invisible Robots Are Monitoring Your Thoughts Through Standard Household Mirrors! Share Before Deleted!,ALERT: Invisible Robots Are Monitoring Your Thoughts Through Standard Household Mirrors! Share Before Deleted! Article ID #154 claiming sensational facts without empirical verification or peer review. Click here to read more shocking evidence!,News,2026-01-01,1,FAKE
"CELEBRITY SCANDAL LEAKS ONLINE: EXCLUSIVE: Famous Celebrity Replaced By Hologram During Live Interview, Fans Notice Strange Glitch In Eyes!","EXCLUSIVE: Famous Celebrity Replaced By Hologram During Live Interview, Fans Notice Strange Glitch In Eyes! Article ID #245 claiming sensational facts without empirical verification or peer review. Click here to read more shocking evidence!",News,2026-01-01,1,FAKE
CELEBRITY SCANDAL LEAKS ONLINE: UNBELIEVABLE: Local Man Discovers Free Unlimited Electricity Using Two Magnets And A Paperclip!,UNBELIEVABLE: Local Man Discovers Free Unlimited Electricity Using Two Magnets And A Paperclip! Article ID #69 claiming sensational facts without empirical verification or peer review. Click here to read more shocking evidence!,News,2026-01-01,1,FAKE
WARNING TO ALL CITIZENS: UNBELIEVABLE: Local Man Discovers Free Unlimited Electricity Using Two Magnets And A Paperclip!,UNBELIEVABLE: Local Man Discovers Free Unlimited Electricity Using Two Magnets And A Paperclip! Article ID #39 claiming sensational facts without empirical verification or peer review. Click here to read more shocking evidence!,News,2026-01-01,1,FAKE
Environmental Protection Board Publishes Report - Official News,"WASHINGTON — The Federal Reserve announced a quarter-point interest rate adjustment following its policy meeting, citing inflation trends and employment data. Reporting according to official press release #230. Verified by independent Reuters standards and institutional statements.",politics,2026-01-01,0,REAL
MIRACLE CURE SPREADING FAST: BREAKING: Secret Alien Technology Discovered in Underground Bunker! Government Hiding The Truth From Citizens! Scientists Shocked!,BREAKING: Secret Alien Technology Discovered in Underground Bunker! Government Hiding The Truth From Citizens! Scientists Shocked! Article ID #190 claiming sensational facts without empirical verification or peer review. Click here to read more shocking evidence!,News,2026-01-01,1,FAKE
Economic Growth Indicators Show Stability - Official News,GENEVA — The World Health Organization released updated global health guidelines recommending balanced diets and regular physical activity to reduce cardiovascular risks. Reporting according to official press release #41. Verified by independent Reuters standards and institutional statements.,politics,2026-01-01,0,REAL
DOCTORS HATE THIS SIMPLE TRICK: LEAKED DOCUMENT: Billionaires Plan To Teleport Moon To Another Galaxy Next Month Using Quantum Magnetism!,LEAKED DOCUMENT: Billionaires Plan To Teleport Moon To Another Galaxy Next Month Using Quantum Magnetism! Article ID #282 claiming sensational facts without empirical verification or peer review. Click here to read more shocking evidence!,News,2026-01-01,1,FAKE
WARNING TO ALL CITIZENS: MIRACLE REMEDY: Ancient Tree Bark Powder Banishes Stress And Makes You Fly In Your Sleep!,MIRACLE REMEDY: Ancient Tree Bark Powder Banishes Stress And Makes You Fly In Your Sleep! Article ID #247 claiming sensational facts without empirical verification or peer review. Click here to read more shocking evidence!,News,2026-01-01,1,FAKE
"SECRET GOVERNMENT PROJECT EXPOSED: SHOCKING: Drinking Lemon Juice Mixed With Miracle Powder Cures All Incurable Diseases Overnight, Doctors Don't Want You To Know!","SHOCKING: Drinking Lemon Juice Mixed With Miracle Powder Cures All Incurable Diseases Overnight, Doctors Don't Want You To Know! Article ID #291 claiming sensational facts without empirical verification or peer review. Click here to read more shocking evidence!",News,2026-01-01,1,FAKE
DOCTORS HATE THIS SIMPLE TRICK: SCANDAL: Secret Society Controls Global Weather Patterns Using Giant Microwaves In The Arctic Circle!,SCANDAL: Secret Society Controls Global Weather Patterns Using Giant Microwaves In The Arctic Circle! Article ID #26 claiming sensational facts without empirical verification or peer review. Click here to read more shocking evidence!,News,2026-01-01,1,FAKE
Scientific Consensus Confirms Trial Results - Official News,BERLIN — European aerospace consortium completed successful high-altitude test flights for hydrogen-powered zero-emission commercial flight prototypes. Reporting according to official press release #66. Verified by independent Reuters standards and institutional statements.,politics,2026-01-01,0,REAL
UNBELIEVABLE DISCOVERY CHANGES EVERYTHING: SCANDAL: Secret Society Controls Global Weather Patterns Using Giant Microwaves In The Arctic Circle!,SCANDAL: Secret Society Controls Global Weather Patterns Using Giant Microwaves In The Arctic Circle! Article ID #76 claiming sensational facts without empirical verification or peer review. Click here to read more shocking evidence!,News,2026-01-01,1,FAKE
"CELEBRITY SCANDAL LEAKS ONLINE: SHOCKING: Drinking Lemon Juice Mixed With Miracle Powder Cures All Incurable Diseases Overnight, Doctors Don't Want You To Know!","SHOCKING: Drinking Lemon Juice Mixed With Miracle Powder Cures All Incurable Diseases Overnight, Doctors Don't Want You To Know! Article ID #141 claiming sensational facts without empirical verification or peer review. Click here to read more shocking evidence!",News,2026-01-01,1,FAKE
LEAKED REPORT PROVES CONSPIRACY: UNBELIEVABLE: Local Man Discovers Free Unlimited Electricity Using Two Magnets And A Paperclip!,UNBELIEVABLE: Local Man Discovers Free Unlimited Electricity Using Two Magnets And A Paperclip! Article ID #209 claiming sensational facts without empirical verification or peer review. Click here to read more shocking evidence!,News,2026-01-01,1,FAKE
DOCTORS HATE THIS SIMPLE TRICK: BREAKING: Secret Alien Technology Discovered in Underground Bunker! Government Hiding The Truth From Citizens! Scientists Shocked!,BREAKING: Secret Alien Technology Discovered in Underground Bunker! Government Hiding The Truth From Citizens! Scientists Shocked! Article ID #170 claiming sensational facts without empirical verification or peer review. Click here to read more shocking evidence!,News,2026-01-01,1,FAKE
DOCTORS HATE THIS SIMPLE TRICK: LEAKED DOCUMENT: Billionaires Plan To Teleport Moon To Another Galaxy Next Month Using Quantum Magnetism!,LEAKED DOCUMENT: Billionaires Plan To Teleport Moon To Another Galaxy Next Month Using Quantum Magnetism! Article ID #2 claiming sensational facts without empirical verification or peer review. Click here to read more shocking evidence!,News,2026-01-01,1,FAKE
Official Statement Released by Ministry - Official News,PARIS — Representatives from 40 nations assembled for the International Climate Summit to outline binding commitments for reducing industrial emissions over the next decade. Reporting according to official press release #64. Verified by independent Reuters standards and institutional statements.,politics,2026-01-01,0,REAL
Official Statement Released by Ministry - Official News,TOKYO — Tech innovators unveiled a new semiconductor fabrication process designed to increase energy efficiency in data centers by twenty percent. Reporting according to official press release #232. Verified by independent Reuters standards and institutional statements.,politics,2026-01-01,0,REAL
University Study Validates Health Findings - Official News,SYDNEY — Marine biologists documented significant coral regeneration across targeted sanctuary zones following intensive conservation management programs. Reporting according to official press release #207. Verified by independent Reuters standards and institutional statements.,politics,2026-01-01,0,REAL
UNBELIEVABLE DISCOVERY CHANGES EVERYTHING: SCANDAL: Secret Society Controls Global Weather Patterns Using Giant Microwaves In The Arctic Circle!,SCANDAL: Secret Society Controls Global Weather Patterns Using Giant Microwaves In The Arctic Circle! Article ID #156 claiming sensational facts without empirical verification or peer review. Click here to read more shocking evidence!,News,2026-01-01,1,FAKE
CELEBRITY SCANDAL LEAKS ONLINE: MIRACLE REMEDY: Ancient Tree Bark Powder Banishes Stress And Makes You Fly In Your Sleep!,MIRACLE REMEDY: Ancient Tree Bark Powder Banishes Stress And Makes You Fly In Your Sleep! Article ID #77 claiming sensational facts without empirical verification or peer review. Click here to read more shocking evidence!,News,2026-01-01,1,FAKE
UNBELIEVABLE DISCOVERY CHANGES EVERYTHING: BREAKING: Secret Alien Technology Discovered in Underground Bunker! Government Hiding The Truth From Citizens! Scientists Shocked!,BREAKING: Secret Alien Technology Discovered in Underground Bunker! Government Hiding The Truth From Citizens! Scientists Shocked! Article ID #180 claiming sensational facts without empirical verification or peer review. Click here to read more shocking evidence!,News,2026-01-01,1,FAKE
SECRET GOVERNMENT PROJECT EXPOSED: UNBELIEVABLE: Local Man Discovers Free Unlimited Electricity Using Two Magnets And A Paperclip!,UNBELIEVABLE: Local Man Discovers Free Unlimited Electricity Using Two Magnets And A Paperclip! Article ID #139 claiming sensational facts without empirical verification or peer review. Click here to read more shocking evidence!,News,2026-01-01,1,FAKE
CELEBRITY SCANDAL LEAKS ONLINE: CONFIRMED: Eating Chocolate 10 Times A Day Reverses Aging Instantly According To Anonymous Unnamed Blogger!,CONFIRMED: Eating Chocolate 10 Times A Day Reverses Aging Instantly According To Anonymous Unnamed Blogger! Article ID #213 claiming sensational facts without empirical verification or peer review. Click here to read more shocking evidence!,News,2026-01-01,1,FAKE
Central Bank Adjusts Key Financial Rates - Official News,NEW YORK — Wall Street indexes closed moderately higher as earnings reports from major manufacturing and technology firms exceeded consensus analyst estimates. Reporting according to official press release #75. Verified by independent Reuters standards and institutional statements.,politics,2026-01-01,0,REAL
Environmental Protection Board Publishes Report - Official News,BRUSSELS — The European Union passed comprehensive regulations standardizing consumer device charging ports across member states. Reporting according to official press release #118. Verified by independent Reuters standards and institutional statements.,politics,2026-01-01,0,REAL
SHOCKING TRUTH REVEALED: LEAKED DOCUMENT: Billionaires Plan To Teleport Moon To Another Galaxy Next Month Using Quantum Magnetism!,LEAKED DOCUMENT: Billionaires Plan To Teleport Moon To Another Galaxy Next Month Using Quantum Magnetism! Article ID #72 claiming sensational facts without empirical verification or peer review. Click here to read more shocking evidence!,News,2026-01-01,1,FAKE
Scientific Consensus Confirms Trial Results - Official News,BERLIN — European aerospace consortium completed successful high-altitude test flights for hydrogen-powered zero-emission commercial flight prototypes. Reporting according to official press release #266. Verified by independent Reuters standards and institutional statements.,politics,2026-01-01,0,REAL
MIRACLE CURE SPREADING FAST: LEAKED DOCUMENT: Billionaires Plan To Teleport Moon To Another Galaxy Next Month Using Quantum Magnetism!,LEAKED DOCUMENT: Billionaires Plan To Teleport Moon To Another Galaxy Next Month Using Quantum Magnetism! Article ID #62 claiming sensational facts without empirical verification or peer review. Click here to read more shocking evidence!,News,2026-01-01,1,FAKE
Central Bank Adjusts Key Financial Rates - Official News,SYDNEY — Marine biologists documented significant coral regeneration across targeted sanctuary zones following intensive conservation management programs. Reporting according to official press release #107. Verified by independent Reuters standards and institutional statements.,politics,2026-01-01,0,REAL
LEAKED REPORT PROVES CONSPIRACY: MIRACLE REMEDY: Ancient Tree Bark Powder Banishes Stress And Makes You Fly In Your Sleep!,MIRACLE REMEDY: Ancient Tree Bark Powder Banishes Stress And Makes You Fly In Your Sleep! Article ID #17 claiming sensational facts without empirical verification or peer review. Click here to read more shocking evidence!,News,2026-01-01,1,FAKE
Environmental Protection Board Publishes Report - Official News,BRUSSELS — The European Union passed comprehensive regulations standardizing consumer device charging ports across member states. Reporting according to official press release #278. Verified by independent Reuters standards and institutional statements.,politics,2026-01-01,0,REAL
Central Bank Adjusts Key Financial Rates - Official News,GENEVA — The World Health Organization released updated global health guidelines recommending balanced diets and regular physical activity to reduce cardiovascular risks. Reporting according to official press release #291. Verified by independent Reuters standards and institutional statements.,politics,2026-01-01,0,REAL
Environmental Protection Board Publishes Report - Official News,BERLIN — European aerospace consortium completed successful high-altitude test flights for hydrogen-powered zero-emission commercial flight prototypes. Reporting according to official press release #246. Verified by independent Reuters standards and institutional statements.,politics,2026-01-01,0,REAL
LEAKED REPORT PROVES CONSPIRACY: CONFIRMED: Eating Chocolate 10 Times A Day Reverses Aging Instantly According To Anonymous Unnamed Blogger!,CONFIRMED: Eating Chocolate 10 Times A Day Reverses Aging Instantly According To Anonymous Unnamed Blogger! Article ID #33 claiming sensational facts without empirical verification or peer review. Click here to read more shocking evidence!,News,2026-01-01,1,FAKE
"CELEBRITY SCANDAL LEAKS ONLINE: SHOCKING: Drinking Lemon Juice Mixed With Miracle Powder Cures All Incurable Diseases Overnight, Doctors Don't Want You To Know!","SHOCKING: Drinking Lemon Juice Mixed With Miracle Powder Cures All Incurable Diseases Overnight, Doctors Don't Want You To Know! Article ID #261 claiming sensational facts without empirical verification or peer review. Click here to read more shocking evidence!",News,2026-01-01,1,FAKE
LEAKED REPORT PROVES CONSPIRACY: UNBELIEVABLE: Local Man Discovers Free Unlimited Electricity Using Two Magnets And A Paperclip!,UNBELIEVABLE: Local Man Discovers Free Unlimited Electricity Using Two Magnets And A Paperclip! Article ID #129 claiming sensational facts without empirical verification or peer review. Click here to read more shocking evidence!,News,2026-01-01,1,FAKE
Central Bank Adjusts Key Financial Rates - Official News,SYDNEY — Marine biologists documented significant coral regeneration across targeted sanctuary zones following intensive conservation management programs. Reporting according to official press release #147. Verified by independent Reuters standards and institutional statements.,politics,2026-01-01,0,REAL
LEAKED REPORT PROVES CONSPIRACY: MIRACLE REMEDY: Ancient Tree Bark Powder Banishes Stress And Makes You Fly In Your Sleep!,MIRACLE REMEDY: Ancient Tree Bark Powder Banishes Stress And Makes You Fly In Your Sleep! Article ID #137 claiming sensational facts without empirical verification or peer review. Click here to read more shocking evidence!,News,2026-01-01,1,FAKE
DOCTORS HATE THIS SIMPLE TRICK: WARNING: Microwave Ovens Are Sending Secret Signals To Deep Space Satellites Without User Knowledge!,WARNING: Microwave Ovens Are Sending Secret Signals To Deep Space Satellites Without User Knowledge! Article ID #18 claiming sensational facts without empirical verification or peer review. Click here to read more shocking evidence!,News,2026-01-01,1,FAKE
Official Statement Released by Ministry - Official News,BRUSSELS — The European Union passed comprehensive regulations standardizing consumer device charging ports across member states. Reporting according to official press release #208. Verified by independent Reuters standards and institutional statements.,politics,2026-01-01,0,REAL
SHOCKING TRUTH REVEALED: ALERT: Invisible Robots Are Monitoring Your Thoughts Through Standard Household Mirrors! Share Before Deleted!,ALERT: Invisible Robots Are Monitoring Your Thoughts Through Standard Household Mirrors! Share Before Deleted! Article ID #144 claiming sensational facts without empirical verification or peer review. Click here to read more shocking evidence!,News,2026-01-01,1,FAKE
Scientific Consensus Confirms Trial Results - Official News,TOKYO — Tech innovators unveiled a new semiconductor fabrication process designed to increase energy efficiency in data centers by twenty percent. Reporting according to official press release #242. Verified by independent Reuters standards and institutional statements.,politics,2026-01-01,0,REAL
Tech Firm Announces Quarterly Revenue Growth - Official News,GENEVA — The World Health Organization released updated global health guidelines recommending balanced diets and regular physical activity to reduce cardiovascular risks. Reporting according to official press release #141. Verified by independent Reuters standards and institutional statements.,politics,2026-01-01,0,REAL
UNBELIEVABLE DISCOVERY CHANGES EVERYTHING: ALERT: Invisible Robots Are Monitoring Your Thoughts Through Standard Household Mirrors! Share Before Deleted!,ALERT: Invisible Robots Are Monitoring Your Thoughts Through Standard Household Mirrors! Share Before Deleted! Article ID #4 claiming sensational facts without empirical verification or peer review. Click here to read more shocking evidence!,News,2026-01-01,1,FAKE
CELEBRITY SCANDAL LEAKS ONLINE: MIRACLE REMEDY: Ancient Tree Bark Powder Banishes Stress And Makes You Fly In Your Sleep!,MIRACLE REMEDY: Ancient Tree Bark Powder Banishes Stress And Makes You Fly In Your Sleep! Article ID #37 claiming sensational facts without empirical verification or peer review. Click here to read more shocking evidence!,News,2026-01-01,1,FAKE
UNBELIEVABLE DISCOVERY CHANGES EVERYTHING: WARNING: Microwave Ovens Are Sending Secret Signals To Deep Space Satellites Without User Knowledge!,WARNING: Microwave Ovens Are Sending Secret Signals To Deep Space Satellites Without User Knowledge! Article ID #268 claiming sensational facts without empirical verification or peer review. Click here to read more shocking evidence!,News,2026-01-01,1,FAKE
Economic Growth Indicators Show Stability - Official News,NEW YORK — Wall Street indexes closed moderately higher as earnings reports from major manufacturing and technology firms exceeded consensus analyst estimates. Reporting according to official press release #225. Verified by independent Reuters standards and institutional statements.,politics,2026-01-01,0,REAL
LEAKED REPORT PROVES CONSPIRACY: CONFIRMED: Eating Chocolate 10 Times A Day Reverses Aging Instantly According To Anonymous Unnamed Blogger!,CONFIRMED: Eating Chocolate 10 Times A Day Reverses Aging Instantly According To Anonymous Unnamed Blogger! Article ID #153 claiming sensational facts without empirical verification or peer review. Click here to read more shocking evidence!,News,2026-01-01,1,FAKE
Economic Growth Indicators Show Stability - Official News,SYDNEY — Marine biologists documented significant coral regeneration across targeted sanctuary zones following intensive conservation management programs. Reporting according to official press release #57. Verified by independent Reuters standards and institutional statements.,politics,2026-01-01,0,REAL
DOCTORS HATE THIS SIMPLE TRICK: LEAKED DOCUMENT: Billionaires Plan To Teleport Moon To Another Galaxy Next Month Using Quantum Magnetism!,LEAKED DOCUMENT: Billionaires Plan To Teleport Moon To Another Galaxy Next Month Using Quantum Magnetism! Article ID #202 claiming sensational facts without empirical verification or peer review. Click here to read more shocking evidence!,News,2026-01-01,1,FAKE
Scientific Consensus Confirms Trial Results - Official News,TOKYO — Tech innovators unveiled a new semiconductor fabrication process designed to increase energy efficiency in data centers by twenty percent. Reporting according to official press release #2. Verified by independent Reuters standards and institutional statements.,politics,2026-01-01,0,REAL
Scientific Consensus Confirms Trial Results - Official News,TOKYO — Tech innovators unveiled a new semiconductor fabrication process designed to increase energy efficiency in data centers by twenty percent. Reporting according to official press release #122. Verified by independent Reuters standards and institutional statements.,politics,2026-01-01,0,REAL
LEAKED REPORT PROVES CONSPIRACY: UNBELIEVABLE: Local Man Discovers Free Unlimited Electricity Using Two Magnets And A Paperclip!,UNBELIEVABLE: Local Man Discovers Free Unlimited Electricity Using Two Magnets And A Paperclip! Article ID #289 claiming sensational facts without empirical verification or peer review. Click here to read more shocking evidence!,News,2026-01-01,1,FAKE
Central Bank Adjusts Key Financial Rates - Official News,SYDNEY — Marine biologists documented significant coral regeneration across targeted sanctuary zones following intensive conservation management programs. Reporting according to official press release #267. Verified by independent Reuters standards and institutional statements.,politics,2026-01-01,0,REAL
CELEBRITY SCANDAL LEAKS ONLINE: CONFIRMED: Eating Chocolate 10 Times A Day Reverses Aging Instantly According To Anonymous Unnamed Blogger!,CONFIRMED: Eating Chocolate 10 Times A Day Reverses Aging Instantly According To Anonymous Unnamed Blogger! Article ID #133 claiming sensational facts without empirical verification or peer review. Click here to read more shocking evidence!,News,2026-01-01,1,FAKE
"LEAKED REPORT PROVES CONSPIRACY: SHOCKING: Drinking Lemon Juice Mixed With Miracle Powder Cures All Incurable Diseases Overnight, Doctors Don't Want You To Know!","SHOCKING: Drinking Lemon Juice Mixed With Miracle Powder Cures All Incurable Diseases Overnight, Doctors Don't Want You To Know! Article ID #161 claiming sensational facts without empirical verification or peer review. Click here to read more shocking evidence!",News,2026-01-01,1,FAKE
SECRET GOVERNMENT PROJECT EXPOSED: MIRACLE REMEDY: Ancient Tree Bark Powder Banishes Stress And Makes You Fly In Your Sleep!,MIRACLE REMEDY: Ancient Tree Bark Powder Banishes Stress And Makes You Fly In Your Sleep! Article ID #267 claiming sensational facts without empirical verification or peer review. Click here to read more shocking evidence!,News,2026-01-01,1,FAKE
Tech Firm Announces Quarterly Revenue Growth - Official News,SYDNEY — Marine biologists documented significant coral regeneration across targeted sanctuary zones following intensive conservation management programs. Reporting according to official press release #237. Verified by independent Reuters standards and institutional statements.,politics,2026-01-01,0,REAL
SHOCKING TRUTH REVEALED: BREAKING: Secret Alien Technology Discovered in Underground Bunker! Government Hiding The Truth From Citizens! Scientists Shocked!,BREAKING: Secret Alien Technology Discovered in Underground Bunker! Government Hiding The Truth From Citizens! Scientists Shocked! Article ID #280 claiming sensational facts without empirical verification or peer review. Click here to read more shocking evidence!,News,2026-01-01,1,FAKE
UNBELIEVABLE DISCOVERY CHANGES EVERYTHING: BREAKING: Secret Alien Technology Discovered in Underground Bunker! Government Hiding The Truth From Citizens! Scientists Shocked!,BREAKING: Secret Alien Technology Discovered in Underground Bunker! Government Hiding The Truth From Citizens! Scientists Shocked! Article ID #20 claiming sensational facts without empirical verification or peer review. Click here to read more shocking evidence!,News,2026-01-01,1,FAKE
Environmental Protection Board Publishes Report - Official News,BERLIN — European aerospace consortium completed successful high-altitude test flights for hydrogen-powered zero-emission commercial flight prototypes. Reporting according to official press release #166. Verified by independent Reuters standards and institutional statements.,politics,2026-01-01,0,REAL
Tech Firm Announces Quarterly Revenue Growth - Official News,NEW YORK — Wall Street indexes closed moderately higher as earnings reports from major manufacturing and technology firms exceeded consensus analyst estimates. Reporting according to official press release #85. Verified by independent Reuters standards and institutional statements.,politics,2026-01-01,0,REAL
Global Summit Reaches Bilateral Accord - Official News,BERLIN — European aerospace consortium completed successful high-altitude test flights for hydrogen-powered zero-emission commercial flight prototypes. Reporting according to official press release #36. Verified by independent Reuters standards and institutional statements.,politics,2026-01-01,0,REAL
SHOCKING TRUTH REVEALED: BREAKING: Secret Alien Technology Discovered in Underground Bunker! Government Hiding The Truth From Citizens! Scientists Shocked!,BREAKING: Secret Alien Technology Discovered in Underground Bunker! Government Hiding The Truth From Citizens! Scientists Shocked! Article ID #120 claiming sensational facts without empirical verification or peer review. Click here to read more shocking evidence!,News,2026-01-01,1,FAKE
Official Statement Released by Ministry - Official News,BRUSSELS — The European Union passed comprehensive regulations standardizing consumer device charging ports across member states. Reporting according to official press release #168. Verified by independent Reuters standards and institutional statements.,politics,2026-01-01,0,REAL
Scientific Consensus Confirms Trial Results - Official News,PARIS — Representatives from 40 nations assembled for the International Climate Summit to outline binding commitments for reducing industrial emissions over the next decade. Reporting according to official press release #114. Verified by independent Reuters standards and institutional statements.,politics,2026-01-01,0,REAL
University Study Validates Health Findings - Official News,SYDNEY — Marine biologists documented significant coral regeneration across targeted sanctuary zones following intensive conservation management programs. Reporting according to official press release #287. Verified by independent Reuters standards and institutional statements.,politics,2026-01-01,0,REAL
"LEAKED REPORT PROVES CONSPIRACY: SHOCKING: Drinking Lemon Juice Mixed With Miracle Powder Cures All Incurable Diseases Overnight, Doctors Don't Want You To Know!","SHOCKING: Drinking Lemon Juice Mixed With Miracle Powder Cures All Incurable Diseases Overnight, Doctors Don't Want You To Know! Article ID #41 claiming sensational facts without empirical verification or peer review. Click here to read more shocking evidence!",News,2026-01-01,1,FAKE
Global Summit Reaches Bilateral Accord - Official News,BERLIN — European aerospace consortium completed successful high-altitude test flights for hydrogen-powered zero-emission commercial flight prototypes. Reporting according to official press release #196. Verified by independent Reuters standards and institutional statements.,politics,2026-01-01,0,REAL
SHOCKING TRUTH REVEALED: WARNING: Microwave Ovens Are Sending Secret Signals To Deep Space Satellites Without User Knowledge!,WARNING: Microwave Ovens Are Sending Secret Signals To Deep Space Satellites Without User Knowledge! Article ID #288 claiming sensational facts without empirical verification or peer review. Click here to read more shocking evidence!,News,2026-01-01,1,FAKE
Environmental Protection Board Publishes Report - Official News,BRUSSELS — The European Union passed comprehensive regulations standardizing consumer device charging ports across member states. Reporting according to official press release #158. Verified by independent Reuters standards and institutional statements.,politics,2026-01-01,0,REAL
Economic Growth Indicators Show Stability - Official News,LONDON — Researchers at Oxford University published findings in Nature Medicine analyzing the clinical efficacy of novel immunotherapies across five major hospital trials. Reporting according to official press release #273. Verified by independent Reuters standards and institutional statements.,politics,2026-01-01,0,REAL
LEAKED REPORT PROVES CONSPIRACY: MIRACLE REMEDY: Ancient Tree Bark Powder Banishes Stress And Makes You Fly In Your Sleep!,MIRACLE REMEDY: Ancient Tree Bark Powder Banishes Stress And Makes You Fly In Your Sleep! Article ID #257 claiming sensational facts without empirical verification or peer review. Click here to read more shocking evidence!,News,2026-01-01,1,FAKE
UNBELIEVABLE DISCOVERY CHANGES EVERYTHING: ALERT: Invisible Robots Are Monitoring Your Thoughts Through Standard Household Mirrors! Share Before Deleted!,ALERT: Invisible Robots Are Monitoring Your Thoughts Through Standard Household Mirrors! Share Before Deleted! Article ID #244 claiming sensational facts without empirical verification or peer review. Click here to read more shocking evidence!,News,2026-01-01,1,FAKE
Scientific Consensus Confirms Trial Results - Official News,BRUSSELS — The European Union passed comprehensive regulations standardizing consumer device charging ports across member states. Reporting according to official press release #18. Verified by independent Reuters standards and institutional statements.,politics,2026-01-01,0,REAL
Official Statement Released by Ministry - Official News,BERLIN — European aerospace consortium completed successful high-altitude test flights for hydrogen-powered zero-emission commercial flight prototypes. Reporting according to official press release #56. Verified by independent Reuters standards and institutional statements.,politics,2026-01-01,0,REAL
SHOCKING TRUTH REVEALED: BREAKING: Secret Alien Technology Discovered in Underground Bunker! Government Hiding The Truth From Citizens! Scientists Shocked!,BREAKING: Secret Alien Technology Discovered in Underground Bunker! Government Hiding The Truth From Citizens! Scientists Shocked! Article ID #160 claiming sensational facts without empirical verification or peer review. Click here to read more shocking evidence!,News,2026-01-01,1,FAKE
University Study Validates Health Findings - Official News,SYDNEY — Marine biologists documented significant coral regeneration across targeted sanctuary zones following intensive conservation management programs. Reporting according to official press release #47. Verified by independent Reuters standards and institutional statements.,politics,2026-01-01,0,REAL
CELEBRITY SCANDAL LEAKS ONLINE: MIRACLE REMEDY: Ancient Tree Bark Powder Banishes Stress And Makes You Fly In Your Sleep!,MIRACLE REMEDY: Ancient Tree Bark Powder Banishes Stress And Makes You Fly In Your Sleep! Article ID #277 claiming sensational facts without empirical verification or peer review. Click here to read more shocking evidence!,News,2026-01-01,1,FAKE
Economic Growth Indicators Show Stability - Official News,GENEVA — The World Health Organization released updated global health guidelines recommending balanced diets and regular physical activity to reduce cardiovascular risks. Reporting according to official press release #121. Verified by independent Reuters standards and institutional statements.,politics,2026-01-01,0,REAL
"WARNING TO ALL CITIZENS: SHOCKING: Drinking Lemon Juice Mixed With Miracle Powder Cures All Incurable Diseases Overnight, Doctors Don't Want You To Know!","SHOCKING: Drinking Lemon Juice Mixed With Miracle Powder Cures All Incurable Diseases Overnight, Doctors Don't Want You To Know! Article ID #111 claiming sensational facts without empirical verification or peer review. Click here to read more shocking evidence!",News,2026-01-01,1,FAKE
"WARNING TO ALL CITIZENS: SHOCKING: Drinking Lemon Juice Mixed With Miracle Powder Cures All Incurable Diseases Overnight, Doctors Don't Want You To Know!","SHOCKING: Drinking Lemon Juice Mixed With Miracle Powder Cures All Incurable Diseases Overnight, Doctors Don't Want You To Know! Article ID #151 claiming sensational facts without empirical verification or peer review. Click here to read more shocking evidence!",News,2026-01-01,1,FAKE
University Study Validates Health Findings - Official News,GENEVA — The World Health Organization released updated global health guidelines recommending balanced diets and regular physical activity to reduce cardiovascular risks. Reporting according to official press release #31. Verified by independent Reuters standards and institutional statements.,politics,2026-01-01,0,REAL
WARNING TO ALL CITIZENS: UNBELIEVABLE: Local Man Discovers Free Unlimited Electricity Using Two Magnets And A Paperclip!,UNBELIEVABLE: Local Man Discovers Free Unlimited Electricity Using Two Magnets And A Paperclip! Article ID #79 claiming sensational facts without empirical verification or peer review. Click here to read more shocking evidence!,News,2026-01-01,1,FAKE
LEAKED REPORT PROVES CONSPIRACY: UNBELIEVABLE: Local Man Discovers Free Unlimited Electricity Using Two Magnets And A Paperclip!,UNBELIEVABLE: Local Man Discovers Free Unlimited Electricity Using Two Magnets And A Paperclip! Article ID #249 claiming sensational facts without empirical verification or peer review. Click here to read more shocking evidence!,News,2026-01-01,1,FAKE
Central Bank Adjusts Key Financial Rates - Official News,LONDON — Researchers at Oxford University published findings in Nature Medicine analyzing the clinical efficacy of novel immunotherapies across five major hospital trials. Reporting according to official press release #243. Verified by independent Reuters standards and institutional statements.,politics,2026-01-01,0,REAL
Environmental Protection Board Publishes Report - Official News,TOKYO — Tech innovators unveiled a new semiconductor fabrication process designed to increase energy efficiency in data centers by twenty percent. Reporting according to official press release #142. Verified by independent Reuters standards and institutional statements.,politics,2026-01-01,0,REAL
Tech Firm Announces Quarterly Revenue Growth - Official News,LONDON — Researchers at Oxford University published findings in Nature Medicine analyzing the clinical efficacy of novel immunotherapies across five major hospital trials. Reporting according to official press release #213. Verified by independent Reuters standards and institutional statements.,politics,2026-01-01,0,REAL
Tech Firm Announces Quarterly Revenue Growth - Official News,SYDNEY — Marine biologists documented significant coral regeneration across targeted sanctuary zones following intensive conservation management programs. Reporting according to official press release #157. Verified by independent Reuters standards and institutional statements.,politics,2026-01-01,0,REAL
Official Statement Released by Ministry - Official News,PARIS — Representatives from 40 nations assembled for the International Climate Summit to outline binding commitments for reducing industrial emissions over the next decade. Reporting according to official press release #104. Verified by independent Reuters standards and institutional statements.,politics,2026-01-01,0,REAL
WARNING TO ALL CITIZENS: UNBELIEVABLE: Local Man Discovers Free Unlimited Electricity Using Two Magnets And A Paperclip!,UNBELIEVABLE: Local Man Discovers Free Unlimited Electricity Using Two Magnets And A Paperclip! Article ID #199 claiming sensational facts without empirical verification or peer review. Click here to read more shocking evidence!,News,2026-01-01,1,FAKE
Global Summit Reaches Bilateral Accord - Official News,BERLIN — European aerospace consortium completed successful high-altitude test flights for hydrogen-powered zero-emission commercial flight prototypes. Reporting according to official press release #156. Verified by independent Reuters standards and institutional statements.,politics,2026-01-01,0,REAL
DOCTORS HATE THIS SIMPLE TRICK: ALERT: Invisible Robots Are Monitoring Your Thoughts Through Standard Household Mirrors! Share Before Deleted!,ALERT: Invisible Robots Are Monitoring Your Thoughts Through Standard Household Mirrors! Share Before Deleted! Article ID #194 claiming sensational facts without empirical verification or peer review. Click here to read more shocking evidence!,News,2026-01-01,1,FAKE
Scientific Consensus Confirms Trial Results - Official News,BERLIN — European aerospace consortium completed successful high-altitude test flights for hydrogen-powered zero-emission commercial flight prototypes. Reporting according to official press release #186. Verified by independent Reuters standards and institutional statements.,politics,2026-01-01,0,REAL
Tech Firm Announces Quarterly Revenue Growth - Official News,LONDON — Researchers at Oxford University published findings in Nature Medicine analyzing the clinical efficacy of novel immunotherapies across five major hospital trials. Reporting according to official press release #253. Verified by independent Reuters standards and institutional statements.,politics,2026-01-01,0,REAL
"CELEBRITY SCANDAL LEAKS ONLINE: EXCLUSIVE: Famous Celebrity Replaced By Hologram During Live Interview, Fans Notice Strange Glitch In Eyes!","EXCLUSIVE: Famous Celebrity Replaced By Hologram During Live Interview, Fans Notice Strange Glitch In Eyes! Article ID #205 claiming sensational facts without empirical verification or peer review. Click here to read more shocking evidence!",News,2026-01-01,1,FAKE
Central Bank Adjusts Key Financial Rates - Official News,TORONTO — Canadian research council announced major grant funding for renewable energy infrastructure and smart grid modernization projects. Reporting according to official press release #59. Verified by independent Reuters standards and institutional statements.,politics,2026-01-01,0,REAL
MIRACLE CURE SPREADING FAST: SCANDAL: Secret Society Controls Global Weather Patterns Using Giant Microwaves In The Arctic Circle!,SCANDAL: Secret Society Controls Global Weather Patterns Using Giant Microwaves In The Arctic Circle! Article ID #246 claiming sensational facts without empirical verification or peer review. Click here to read more shocking evidence!,News,2026-01-01,1,FAKE
Global Summit Reaches Bilateral Accord - Official News,"WASHINGTON — The Federal Reserve announced a quarter-point interest rate adjustment following its policy meeting, citing inflation trends and employment data. Reporting according to official press release #60. Verified by independent Reuters standards and institutional statements.",politics,2026-01-01,0,REAL
Central Bank Adjusts Key Financial Rates - Official News,GENEVA — The World Health Organization released updated global health guidelines recommending balanced diets and regular physical activity to reduce cardiovascular risks. Reporting according to official press release #51. Verified by independent Reuters standards and institutional statements.,politics,2026-01-01,0,REAL
"CELEBRITY SCANDAL LEAKS ONLINE: EXCLUSIVE: Famous Celebrity Replaced By Hologram During Live Interview, Fans Notice Strange Glitch In Eyes!","EXCLUSIVE: Famous Celebrity Replaced By Hologram During Live Interview, Fans Notice Strange Glitch In Eyes! Article ID #85 claiming sensational facts without empirical verification or peer review. Click here to read more shocking evidence!",News,2026-01-01,1,FAKE
Environmental Protection Board Publishes Report - Official News,BRUSSELS — The European Union passed comprehensive regulations standardizing consumer device charging ports across member states. Reporting according to official press release #238. Verified by independent Reuters standards and institutional statements.,politics,2026-01-01,0,REAL
WARNING TO ALL CITIZENS: MIRACLE REMEDY: Ancient Tree Bark Powder Banishes Stress And Makes You Fly In Your Sleep!,MIRACLE REMEDY: Ancient Tree Bark Powder Banishes Stress And Makes You Fly In Your Sleep! Article ID #47 claiming sensational facts without empirical verification or peer review. Click here to read more shocking evidence!,News,2026-01-01,1,FAKE
WARNING TO ALL CITIZENS: MIRACLE REMEDY: Ancient Tree Bark Powder Banishes Stress And Makes You Fly In Your Sleep!,MIRACLE REMEDY: Ancient Tree Bark Powder Banishes Stress And Makes You Fly In Your Sleep! Article ID #7 claiming sensational facts without empirical verification or peer review. Click here to read more shocking evidence!,News,2026-01-01,1,FAKE
Scientific Consensus Confirms Trial Results - Official News,BRUSSELS — The European Union passed comprehensive regulations standardizing consumer device charging ports across member states. Reporting according to official press release #58. Verified by independent Reuters standards and institutional statements.,politics,2026-01-01,0,REAL
Scientific Consensus Confirms Trial Results - Official News,BRUSSELS — The European Union passed comprehensive regulations standardizing consumer device charging ports across member states. Reporting according to official press release #298. Verified by independent Reuters standards and institutional statements.,politics,2026-01-01,0,REAL
Environmental Protection Board Publishes Report - Official News,BRUSSELS — The European Union passed comprehensive regulations standardizing consumer device charging ports across member states. Reporting according to official press release #38. Verified by independent Reuters standards and institutional statements.,politics,2026-01-01,0,REAL
Scientific Consensus Confirms Trial Results - Official News,BERLIN — European aerospace consortium completed successful high-altitude test flights for hydrogen-powered zero-emission commercial flight prototypes. Reporting according to official press release #106. Verified by independent Reuters standards and institutional statements.,politics,2026-01-01,0,REAL
DOCTORS HATE THIS SIMPLE TRICK: SCANDAL: Secret Society Controls Global Weather Patterns Using Giant Microwaves In The Arctic Circle!,SCANDAL: Secret Society Controls Global Weather Patterns Using Giant Microwaves In The Arctic Circle! Article ID #226 claiming sensational facts without empirical verification or peer review. Click here to read more shocking evidence!,News,2026-01-01,1,FAKE
MIRACLE CURE SPREADING FAST: WARNING: Microwave Ovens Are Sending Secret Signals To Deep Space Satellites Without User Knowledge!,WARNING: Microwave Ovens Are Sending Secret Signals To Deep Space Satellites Without User Knowledge! Article ID #38 claiming sensational facts without empirical verification or peer review. Click here to read more shocking evidence!,News,2026-01-01,1,FAKE
Economic Growth Indicators Show Stability - Official News,LONDON — Researchers at Oxford University published findings in Nature Medicine analyzing the clinical efficacy of novel immunotherapies across five major hospital trials. Reporting according to official press release #33. Verified by independent Reuters standards and institutional statements.,politics,2026-01-01,0,REAL
UNBELIEVABLE DISCOVERY CHANGES EVERYTHING: SCANDAL: Secret Society Controls Global Weather Patterns Using Giant Microwaves In The Arctic Circle!,SCANDAL: Secret Society Controls Global Weather Patterns Using Giant Microwaves In The Arctic Circle! Article ID #236 claiming sensational facts without empirical verification or peer review. Click here to read more shocking evidence!,News,2026-01-01,1,FAKE
Official Statement Released by Ministry - Official News,TOKYO — Tech innovators unveiled a new semiconductor fabrication process designed to increase energy efficiency in data centers by twenty percent. Reporting according to official press release #72. Verified by independent Reuters standards and institutional statements.,politics,2026-01-01,0,REAL
CELEBRITY SCANDAL LEAKS ONLINE: CONFIRMED: Eating Chocolate 10 Times A Day Reverses Aging Instantly According To Anonymous Unnamed Blogger!,CONFIRMED: Eating Chocolate 10 Times A Day Reverses Aging Instantly According To Anonymous Unnamed Blogger! Article ID #93 claiming sensational facts without empirical verification or peer review. Click here to read more shocking evidence!,News,2026-01-01,1,FAKE
Global Summit Reaches Bilateral Accord - Official News,BRUSSELS — The European Union passed comprehensive regulations standardizing consumer device charging ports across member states. Reporting according to official press release #268. Verified by independent Reuters standards and institutional statements.,politics,2026-01-01,0,REAL
Central Bank Adjusts Key Financial Rates - Official News,GENEVA — The World Health Organization released updated global health guidelines recommending balanced diets and regular physical activity to reduce cardiovascular risks. Reporting according to official press release #251. Verified by independent Reuters standards and institutional statements.,politics,2026-01-01,0,REAL
CELEBRITY SCANDAL LEAKS ONLINE: UNBELIEVABLE: Local Man Discovers Free Unlimited Electricity Using Two Magnets And A Paperclip!,UNBELIEVABLE: Local Man Discovers Free Unlimited Electricity Using Two Magnets And A Paperclip! Article ID #229 claiming sensational facts without empirical verification or peer review. Click here to read more shocking evidence!,News,2026-01-01,1,FAKE
University Study Validates Health Findings - Official News,SYDNEY — Marine biologists documented significant coral regeneration across targeted sanctuary zones following intensive conservation management programs. Reporting according to official press release #167. Verified by independent Reuters standards and institutional statements.,politics,2026-01-01,0,REAL
Scientific Consensus Confirms Trial Results - Official News,"WASHINGTON — The Federal Reserve announced a quarter-point interest rate adjustment following its policy meeting, citing inflation trends and employment data. Reporting according to official press release #50. Verified by independent Reuters standards and institutional statements.",politics,2026-01-01,0,REAL
DOCTORS HATE THIS SIMPLE TRICK: WARNING: Microwave Ovens Are Sending Secret Signals To Deep Space Satellites Without User Knowledge!,WARNING: Microwave Ovens Are Sending Secret Signals To Deep Space Satellites Without User Knowledge! Article ID #98 claiming sensational facts without empirical verification or peer review. Click here to read more shocking evidence!,News,2026-01-01,1,FAKE
Economic Growth Indicators Show Stability - Official News,SYDNEY — Marine biologists documented significant coral regeneration across targeted sanctuary zones following intensive conservation management programs. Reporting according to official press release #257. Verified by independent Reuters standards and institutional statements.,politics,2026-01-01,0,REAL
"WARNING TO ALL CITIZENS: EXCLUSIVE: Famous Celebrity Replaced By Hologram During Live Interview, Fans Notice Strange Glitch In Eyes!","EXCLUSIVE: Famous Celebrity Replaced By Hologram During Live Interview, Fans Notice Strange Glitch In Eyes! Article ID #55 claiming sensational facts without empirical verification or peer review. Click here to read more shocking evidence!",News,2026-01-01,1,FAKE
Economic Growth Indicators Show Stability - Official News,TORONTO — Canadian research council announced major grant funding for renewable energy infrastructure and smart grid modernization projects. Reporting according to official press release #209. Verified by independent Reuters standards and institutional statements.,politics,2026-01-01,0,REAL
MIRACLE CURE SPREADING FAST: SCANDAL: Secret Society Controls Global Weather Patterns Using Giant Microwaves In The Arctic Circle!,SCANDAL: Secret Society Controls Global Weather Patterns Using Giant Microwaves In The Arctic Circle! Article ID #206 claiming sensational facts without empirical verification or peer review. Click here to read more shocking evidence!,News,2026-01-01,1,FAKE
"WARNING TO ALL CITIZENS: SHOCKING: Drinking Lemon Juice Mixed With Miracle Powder Cures All Incurable Diseases Overnight, Doctors Don't Want You To Know!","SHOCKING: Drinking Lemon Juice Mixed With Miracle Powder Cures All Incurable Diseases Overnight, Doctors Don't Want You To Know! Article ID #31 claiming sensational facts without empirical verification or peer review. Click here to read more shocking evidence!",News,2026-01-01,1,FAKE
DOCTORS HATE THIS SIMPLE TRICK: BREAKING: Secret Alien Technology Discovered in Underground Bunker! Government Hiding The Truth From Citizens! Scientists Shocked!,BREAKING: Secret Alien Technology Discovered in Underground Bunker! Government Hiding The Truth From Citizens! Scientists Shocked! Article ID #50 claiming sensational facts without empirical verification or peer review. Click here to read more shocking evidence!,News,2026-01-01,1,FAKE
Environmental Protection Board Publishes Report - Official News,"WASHINGTON — The Federal Reserve announced a quarter-point interest rate adjustment following its policy meeting, citing inflation trends and employment data. Reporting according to official press release #30. Verified by independent Reuters standards and institutional statements.",politics,2026-01-01,0,REAL
Scientific Consensus Confirms Trial Results - Official News,PARIS — Representatives from 40 nations assembled for the International Climate Summit to outline binding commitments for reducing industrial emissions over the next decade. Reporting according to official press release #34. Verified by independent Reuters standards and institutional statements.,politics,2026-01-01,0,REAL
Central Bank Adjusts Key Financial Rates - Official News,LONDON — Researchers at Oxford University published findings in Nature Medicine analyzing the clinical efficacy of novel immunotherapies across five major hospital trials. Reporting according to official press release #283. Verified by independent Reuters standards and institutional statements.,politics,2026-01-01,0,REAL
Scientific Consensus Confirms Trial Results - Official News,BRUSSELS — The European Union passed comprehensive regulations standardizing consumer device charging ports across member states. Reporting according to official press release #178. Verified by independent Reuters standards and institutional statements.,politics,2026-01-01,0,REAL
DOCTORS HATE THIS SIMPLE TRICK: BREAKING: Secret Alien Technology Discovered in Underground Bunker! Government Hiding The Truth From Citizens! Scientists Shocked!,BREAKING: Secret Alien Technology Discovered in Underground Bunker! Government Hiding The Truth From Citizens! Scientists Shocked! Article ID #210 claiming sensational facts without empirical verification or peer review. Click here to read more shocking evidence!,News,2026-01-01,1,FAKE
Tech Firm Announces Quarterly Revenue Growth - Official News,GENEVA — The World Health Organization released updated global health guidelines recommending balanced diets and regular physical activity to reduce cardiovascular risks. Reporting according to official press release #101. Verified by independent Reuters standards and institutional statements.,politics,2026-01-01,0,REAL
"CELEBRITY SCANDAL LEAKS ONLINE: SHOCKING: Drinking Lemon Juice Mixed With Miracle Powder Cures All Incurable Diseases Overnight, Doctors Don't Want You To Know!","SHOCKING: Drinking Lemon Juice Mixed With Miracle Powder Cures All Incurable Diseases Overnight, Doctors Don't Want You To Know! Article ID #181 claiming sensational facts without empirical verification or peer review. Click here to read more shocking evidence!",News,2026-01-01,1,FAKE
Tech Firm Announces Quarterly Revenue Growth - Official News,TORONTO — Canadian research council announced major grant funding for renewable energy infrastructure and smart grid modernization projects. Reporting according to official press release #269. Verified by independent Reuters standards and institutional statements.,politics,2026-01-01,0,REAL
Global Summit Reaches Bilateral Accord - Official News,BRUSSELS — The European Union passed comprehensive regulations standardizing consumer device charging ports across member states. Reporting according to official press release #108. Verified by independent Reuters standards and institutional statements.,politics,2026-01-01,0,REAL
LEAKED REPORT PROVES CONSPIRACY: UNBELIEVABLE: Local Man Discovers Free Unlimited Electricity Using Two Magnets And A Paperclip!,UNBELIEVABLE: Local Man Discovers Free Unlimited Electricity Using Two Magnets And A Paperclip! Article ID #49 claiming sensational facts without empirical verification or peer review. Click here to read more shocking evidence!,News,2026-01-01,1,FAKE
SHOCKING TRUTH REVEALED: WARNING: Microwave Ovens Are Sending Secret Signals To Deep Space Satellites Without User Knowledge!,WARNING: Microwave Ovens Are Sending Secret Signals To Deep Space Satellites Without User Knowledge! Article ID #48 claiming sensational facts without empirical verification or peer review. Click here to read more shocking evidence!,News,2026-01-01,1,FAKE
LEAKED REPORT PROVES CONSPIRACY: MIRACLE REMEDY: Ancient Tree Bark Powder Banishes Stress And Makes You Fly In Your Sleep!,MIRACLE REMEDY: Ancient Tree Bark Powder Banishes Stress And Makes You Fly In Your Sleep! Article ID #97 claiming sensational facts without empirical verification or peer review. Click here to read more shocking evidence!,News,2026-01-01,1,FAKE
SHOCKING TRUTH REVEALED: WARNING: Microwave Ovens Are Sending Secret Signals To Deep Space Satellites Without User Knowledge!,WARNING: Microwave Ovens Are Sending Secret Signals To Deep Space Satellites Without User Knowledge! Article ID #208 claiming sensational facts without empirical verification or peer review. Click here to read more shocking evidence!,News,2026-01-01,1,FAKE
Environmental Protection Board Publishes Report - Official News,PARIS — Representatives from 40 nations assembled for the International Climate Summit to outline binding commitments for reducing industrial emissions over the next decade. Reporting according to official press release #54. Verified by independent Reuters standards and institutional statements.,politics,2026-01-01,0,REAL
UNBELIEVABLE DISCOVERY CHANGES EVERYTHING: ALERT: Invisible Robots Are Monitoring Your Thoughts Through Standard Household Mirrors! Share Before Deleted!,ALERT: Invisible Robots Are Monitoring Your Thoughts Through Standard Household Mirrors! Share Before Deleted! Article ID #124 claiming sensational facts without empirical verification or peer review. Click here to read more shocking evidence!,News,2026-01-01,1,FAKE
DOCTORS HATE THIS SIMPLE TRICK: LEAKED DOCUMENT: Billionaires Plan To Teleport Moon To Another Galaxy Next Month Using Quantum Magnetism!,LEAKED DOCUMENT: Billionaires Plan To Teleport Moon To Another Galaxy Next Month Using Quantum Magnetism! Article ID #242 claiming sensational facts without empirical verification or peer review. Click here to read more shocking evidence!,News,2026-01-01,1,FAKE
"WARNING TO ALL CITIZENS: EXCLUSIVE: Famous Celebrity Replaced By Hologram During Live Interview, Fans Notice Strange Glitch In Eyes!","EXCLUSIVE: Famous Celebrity Replaced By Hologram During Live Interview, Fans Notice Strange Glitch In Eyes! Article ID #295 claiming sensational facts without empirical verification or peer review. Click here to read more shocking evidence!",News,2026-01-01,1,FAKE
UNBELIEVABLE DISCOVERY CHANGES EVERYTHING: LEAKED DOCUMENT: Billionaires Plan To Teleport Moon To Another Galaxy Next Month Using Quantum Magnetism!,LEAKED DOCUMENT: Billionaires Plan To Teleport Moon To Another Galaxy Next Month Using Quantum Magnetism! Article ID #292 claiming sensational facts without empirical verification or peer review. Click here to read more shocking evidence!,News,2026-01-01,1,FAKE
Global Summit Reaches Bilateral Accord - Official News,"WASHINGTON — The Federal Reserve announced a quarter-point interest rate adjustment following its policy meeting, citing inflation trends and employment data. Reporting according to official press release #220. Verified by independent Reuters standards and institutional statements.",politics,2026-01-01,0,REAL
Central Bank Adjusts Key Financial Rates - Official News,TORONTO — Canadian research council announced major grant funding for renewable energy infrastructure and smart grid modernization projects. Reporting according to official press release #99. Verified by independent Reuters standards and institutional statements.,politics,2026-01-01,0,REAL
CELEBRITY SCANDAL LEAKS ONLINE: UNBELIEVABLE: Local Man Discovers Free Unlimited Electricity Using Two Magnets And A Paperclip!,UNBELIEVABLE: Local Man Discovers Free Unlimited Electricity Using Two Magnets And A Paperclip! Article ID #109 claiming sensational facts without empirical verification or peer review. Click here to read more shocking evidence!,News,2026-01-01,1,FAKE
Central Bank Adjusts Key Financial Rates - Official News,NEW YORK — Wall Street indexes closed moderately higher as earnings reports from major manufacturing and technology firms exceeded consensus analyst estimates. Reporting according to official press release #115. Verified by independent Reuters standards and institutional statements.,politics,2026-01-01,0,REAL
Scientific Consensus Confirms Trial Results - Official News,TOKYO — Tech innovators unveiled a new semiconductor fabrication process designed to increase energy efficiency in data centers by twenty percent. Reporting according to official press release #42. Verified by independent Reuters standards and institutional statements.,politics,2026-01-01,0,REAL
Official Statement Released by Ministry - Official News,BERLIN — European aerospace consortium completed successful high-altitude test flights for hydrogen-powered zero-emission commercial flight prototypes. Reporting according to official press release #216. Verified by independent Reuters standards and institutional statements.,politics,2026-01-01,0,REAL
"LEAKED REPORT PROVES CONSPIRACY: SHOCKING: Drinking Lemon Juice Mixed With Miracle Powder Cures All Incurable Diseases Overnight, Doctors Don't Want You To Know!","SHOCKING: Drinking Lemon Juice Mixed With Miracle Powder Cures All Incurable Diseases Overnight, Doctors Don't Want You To Know! Article ID #121 claiming sensational facts without empirical verification or peer review. Click here to read more shocking evidence!",News,2026-01-01,1,FAKE
WARNING TO ALL CITIZENS: CONFIRMED: Eating Chocolate 10 Times A Day Reverses Aging Instantly According To Anonymous Unnamed Blogger!,CONFIRMED: Eating Chocolate 10 Times A Day Reverses Aging Instantly According To Anonymous Unnamed Blogger! Article ID #263 claiming sensational facts without empirical verification or peer review. Click here to read more shocking evidence!,News,2026-01-01,1,FAKE
Economic Growth Indicators Show Stability - Official News,SYDNEY — Marine biologists documented significant coral regeneration across targeted sanctuary zones following intensive conservation management programs. Reporting according to official press release #97. Verified by independent Reuters standards and institutional statements.,politics,2026-01-01,0,REAL
LEAKED REPORT PROVES CONSPIRACY: UNBELIEVABLE: Local Man Discovers Free Unlimited Electricity Using Two Magnets And A Paperclip!,UNBELIEVABLE: Local Man Discovers Free Unlimited Electricity Using Two Magnets And A Paperclip! Article ID #169 claiming sensational facts without empirical verification or peer review. Click here to read more shocking evidence!,News,2026-01-01,1,FAKE
SHOCKING TRUTH REVEALED: SCANDAL: Secret Society Controls Global Weather Patterns Using Giant Microwaves In The Arctic Circle!,SCANDAL: Secret Society Controls Global Weather Patterns Using Giant Microwaves In The Arctic Circle! Article ID #16 claiming sensational facts without empirical verification or peer review. Click here to read more shocking evidence!,News,2026-01-01,1,FAKE
DOCTORS HATE THIS SIMPLE TRICK: ALERT: Invisible Robots Are Monitoring Your Thoughts Through Standard Household Mirrors! Share Before Deleted!,ALERT: Invisible Robots Are Monitoring Your Thoughts Through Standard Household Mirrors! Share Before Deleted! Article ID #34 claiming sensational facts without empirical verification or peer review. Click here to read more shocking evidence!,News,2026-01-01,1,FAKE
Tech Firm Announces Quarterly Revenue Growth - Official News,SYDNEY — Marine biologists documented significant coral regeneration across targeted sanctuary zones following intensive conservation management programs. Reporting according to official press release #77. Verified by independent Reuters standards and institutional statements.,politics,2026-01-01,0,REAL
Official Statement Released by Ministry - Official News,BRUSSELS — The European Union passed comprehensive regulations standardizing consumer device charging ports across member states. Reporting according to official press release #288. Verified by independent Reuters standards and institutional statements.,politics,2026-01-01,0,REAL
University Study Validates Health Findings - Official News,LONDON — Researchers at Oxford University published findings in Nature Medicine analyzing the clinical efficacy of novel immunotherapies across five major hospital trials. Reporting according to official press release #223. Verified by independent Reuters standards and institutional statements.,politics,2026-01-01,0,REAL
Environmental Protection Board Publishes Report - Official News,TOKYO — Tech innovators unveiled a new semiconductor fabrication process designed to increase energy efficiency in data centers by twenty percent. Reporting according to official press release #62. Verified by independent Reuters standards and institutional statements.,politics,2026-01-01,0,REAL
UNBELIEVABLE DISCOVERY CHANGES EVERYTHING: SCANDAL: Secret Society Controls Global Weather Patterns Using Giant Microwaves In The Arctic Circle!,SCANDAL: Secret Society Controls Global Weather Patterns Using Giant Microwaves In The Arctic Circle! Article ID #36 claiming sensational facts without empirical verification or peer review. Click here to read more shocking evidence!,News,2026-01-01,1,FAKE
SECRET GOVERNMENT PROJECT EXPOSED: CONFIRMED: Eating Chocolate 10 Times A Day Reverses Aging Instantly According To Anonymous Unnamed Blogger!,CONFIRMED: Eating Chocolate 10 Times A Day Reverses Aging Instantly According To Anonymous Unnamed Blogger! Article ID #3 claiming sensational facts without empirical verification or peer review. Click here to read more shocking evidence!,News,2026-01-01,1,FAKE
Environmental Protection Board Publishes Report - Official News,BRUSSELS — The European Union passed comprehensive regulations standardizing consumer device charging ports across member states. Reporting according to official press release #198. Verified by independent Reuters standards and institutional statements.,politics,2026-01-01,0,REAL
University Study Validates Health Findings - Official News,TORONTO — Canadian research council announced major grant funding for renewable energy infrastructure and smart grid modernization projects. Reporting according to official press release #239. Verified by independent Reuters standards and institutional statements.,politics,2026-01-01,0,REAL
CELEBRITY SCANDAL LEAKS ONLINE: MIRACLE REMEDY: Ancient Tree Bark Powder Banishes Stress And Makes You Fly In Your Sleep!,MIRACLE REMEDY: Ancient Tree Bark Powder Banishes Stress And Makes You Fly In Your Sleep! Article ID #117 claiming sensational facts without empirical verification or peer review. Click here to read more shocking evidence!,News,2026-01-01,1,FAKE
University Study Validates Health Findings - Official News,NEW YORK — Wall Street indexes closed moderately higher as earnings reports from major manufacturing and technology firms exceeded consensus analyst estimates. Reporting according to official press release #175. Verified by independent Reuters standards and institutional statements.,politics,2026-01-01,0,REAL
Economic Growth Indicators Show Stability - Official News,GENEVA — The World Health Organization released updated global health guidelines recommending balanced diets and regular physical activity to reduce cardiovascular risks. Reporting according to official press release #1. Verified by independent Reuters standards and institutional statements.,politics,2026-01-01,0,REAL
DOCTORS HATE THIS SIMPLE TRICK: BREAKING: Secret Alien Technology Discovered in Underground Bunker! Government Hiding The Truth From Citizens! Scientists Shocked!,BREAKING: Secret Alien Technology Discovered in Underground Bunker! Government Hiding The Truth From Citizens! Scientists Shocked! Article ID #10 claiming sensational facts without empirical verification or peer review. Click here to read more shocking evidence!,News,2026-01-01,1,FAKE
CELEBRITY SCANDAL LEAKS ONLINE: CONFIRMED: Eating Chocolate 10 Times A Day Reverses Aging Instantly According To Anonymous Unnamed Blogger!,CONFIRMED: Eating Chocolate 10 Times A Day Reverses Aging Instantly According To Anonymous Unnamed Blogger! Article ID #173 claiming sensational facts without empirical verification or peer review. Click here to read more shocking evidence!,News,2026-01-01,1,FAKE
Environmental Protection Board Publishes Report - Official News,TOKYO — Tech innovators unveiled a new semiconductor fabrication process designed to increase energy efficiency in data centers by twenty percent. Reporting according to official press release #182. Verified by independent Reuters standards and institutional statements.,politics,2026-01-01,0,REAL
"SECRET GOVERNMENT PROJECT EXPOSED: EXCLUSIVE: Famous Celebrity Replaced By Hologram During Live Interview, Fans Notice Strange Glitch In Eyes!","EXCLUSIVE: Famous Celebrity Replaced By Hologram During Live Interview, Fans Notice Strange Glitch In Eyes! Article ID #115 claiming sensational facts without empirical verification or peer review. Click here to read more shocking evidence!",News,2026-01-01,1,FAKE
Scientific Consensus Confirms Trial Results - Official News,"WASHINGTON — The Federal Reserve announced a quarter-point interest rate adjustment following its policy meeting, citing inflation trends and employment data. Reporting according to official press release #210. Verified by independent Reuters standards and institutional statements.",politics,2026-01-01,0,REAL
"CELEBRITY SCANDAL LEAKS ONLINE: SHOCKING: Drinking Lemon Juice Mixed With Miracle Powder Cures All Incurable Diseases Overnight, Doctors Don't Want You To Know!","SHOCKING: Drinking Lemon Juice Mixed With Miracle Powder Cures All Incurable Diseases Overnight, Doctors Don't Want You To Know! Article ID #61 claiming sensational facts without empirical verification or peer review. Click here to read more shocking evidence!",News,2026-01-01,1,FAKE
"WARNING TO ALL CITIZENS: SHOCKING: Drinking Lemon Juice Mixed With Miracle Powder Cures All Incurable Diseases Overnight, Doctors Don't Want You To Know!","SHOCKING: Drinking Lemon Juice Mixed With Miracle Powder Cures All Incurable Diseases Overnight, Doctors Don't Want You To Know! Article ID #231 claiming sensational facts without empirical verification or peer review. Click here to read more shocking evidence!",News,2026-01-01,1,FAKE
SHOCKING TRUTH REVEALED: ALERT: Invisible Robots Are Monitoring Your Thoughts Through Standard Household Mirrors! Share Before Deleted!,ALERT: Invisible Robots Are Monitoring Your Thoughts Through Standard Household Mirrors! Share Before Deleted! Article ID #264 claiming sensational facts without empirical verification or peer review. Click here to read more shocking evidence!,News,2026-01-01,1,FAKE
Global Summit Reaches Bilateral Accord - Official News,BRUSSELS — The European Union passed comprehensive regulations standardizing consumer device charging ports across member states. Reporting according to official press release #228. Verified by independent Reuters standards and institutional statements.,politics,2026-01-01,0,REAL
Economic Growth Indicators Show Stability - Official News,SYDNEY — Marine biologists documented significant coral regeneration across targeted sanctuary zones following intensive conservation management programs. Reporting according to official press release #137. Verified by independent Reuters standards and institutional statements.,politics,2026-01-01,0,REAL
Central Bank Adjusts Key Financial Rates - Official News,SYDNEY — Marine biologists documented significant coral regeneration across targeted sanctuary zones following intensive conservation management programs. Reporting according to official press release #227. Verified by independent Reuters standards and institutional statements.,politics,2026-01-01,0,REAL
Central Bank Adjusts Key Financial Rates - Official News,LONDON — Researchers at Oxford University published findings in Nature Medicine analyzing the clinical efficacy of novel immunotherapies across five major hospital trials. Reporting according to official press release #43. Verified by independent Reuters standards and institutional statements.,politics,2026-01-01,0,REAL
Official Statement Released by Ministry - Official News,"WASHINGTON — The Federal Reserve announced a quarter-point interest rate adjustment following its policy meeting, citing inflation trends and employment data. Reporting according to official press release #200. Verified by independent Reuters standards and institutional statements.",politics,2026-01-01,0,REAL
Environmental Protection Board Publishes Report - Official News,"WASHINGTON — The Federal Reserve announced a quarter-point interest rate adjustment following its policy meeting, citing inflation trends and employment data. Reporting according to official press release #270. Verified by independent Reuters standards and institutional statements.",politics,2026-01-01,0,REAL
Economic Growth Indicators Show Stability - Official News,NEW YORK — Wall Street indexes closed moderately higher as earnings reports from major manufacturing and technology firms exceeded consensus analyst estimates. Reporting according to official press release #65. Verified by independent Reuters standards and institutional statements.,politics,2026-01-01,0,REAL
MIRACLE CURE SPREADING FAST: LEAKED DOCUMENT: Billionaires Plan To Teleport Moon To Another Galaxy Next Month Using Quantum Magnetism!,LEAKED DOCUMENT: Billionaires Plan To Teleport Moon To Another Galaxy Next Month Using Quantum Magnetism! Article ID #102 claiming sensational facts without empirical verification or peer review. Click here to read more shocking evidence!,News,2026-01-01,1,FAKE
Tech Firm Announces Quarterly Revenue Growth - Official News,LONDON — Researchers at Oxford University published findings in Nature Medicine analyzing the clinical efficacy of novel immunotherapies across five major hospital trials. Reporting according to official press release #53. Verified by independent Reuters standards and institutional statements.,politics,2026-01-01,0,REAL
Economic Growth Indicators Show Stability - Official News,GENEVA — The World Health Organization released updated global health guidelines recommending balanced diets and regular physical activity to reduce cardiovascular risks. Reporting according to official press release #241. Verified by independent Reuters standards and institutional statements.,politics,2026-01-01,0,REAL
Economic Growth Indicators Show Stability - Official News,LONDON — Researchers at Oxford University published findings in Nature Medicine analyzing the clinical efficacy of novel immunotherapies across five major hospital trials. Reporting according to official press release #193. Verified by independent Reuters standards and institutional statements.,politics,2026-01-01,0,REAL
Environmental Protection Board Publishes Report - Official News,PARIS — Representatives from 40 nations assembled for the International Climate Summit to outline binding commitments for reducing industrial emissions over the next decade. Reporting according to official press release #134. Verified by independent Reuters standards and institutional statements.,politics,2026-01-01,0,REAL
UNBELIEVABLE DISCOVERY CHANGES EVERYTHING: WARNING: Microwave Ovens Are Sending Secret Signals To Deep Space Satellites Without User Knowledge!,WARNING: Microwave Ovens Are Sending Secret Signals To Deep Space Satellites Without User Knowledge! Article ID #108 claiming sensational facts without empirical verification or peer review. Click here to read more shocking evidence!,News,2026-01-01,1,FAKE
Official Statement Released by Ministry - Official News,PARIS — Representatives from 40 nations assembled for the International Climate Summit to outline binding commitments for reducing industrial emissions over the next decade. Reporting according to official press release #184. Verified by independent Reuters standards and institutional statements.,politics,2026-01-01,0,REAL
Scientific Consensus Confirms Trial Results - Official News,"WASHINGTON — The Federal Reserve announced a quarter-point interest rate adjustment following its policy meeting, citing inflation trends and employment data. Reporting according to official press release #10. Verified by independent Reuters standards and institutional statements.",politics,2026-01-01,0,REAL
Economic Growth Indicators Show Stability - Official News,SYDNEY — Marine biologists documented significant coral regeneration across targeted sanctuary zones following intensive conservation management programs. Reporting according to official press release #177. Verified by independent Reuters standards and institutional statements.,politics,2026-01-01,0,REAL
"WARNING TO ALL CITIZENS: EXCLUSIVE: Famous Celebrity Replaced By Hologram During Live Interview, Fans Notice Strange Glitch In Eyes!","EXCLUSIVE: Famous Celebrity Replaced By Hologram During Live Interview, Fans Notice Strange Glitch In Eyes! Article ID #135 claiming sensational facts without empirical verification or peer review. Click here to read more shocking evidence!",News,2026-01-01,1,FAKE
UNBELIEVABLE DISCOVERY CHANGES EVERYTHING: ALERT: Invisible Robots Are Monitoring Your Thoughts Through Standard Household Mirrors! Share Before Deleted!,ALERT: Invisible Robots Are Monitoring Your Thoughts Through Standard Household Mirrors! Share Before Deleted! Article ID #84 claiming sensational facts without empirical verification or peer review. Click here to read more shocking evidence!,News,2026-01-01,1,FAKE
Economic Growth Indicators Show Stability - Official News,SYDNEY — Marine biologists documented significant coral regeneration across targeted sanctuary zones following intensive conservation management programs. Reporting according to official press release #297. Verified by independent Reuters standards and institutional statements.,politics,2026-01-01,0,REAL
SECRET GOVERNMENT PROJECT EXPOSED: CONFIRMED: Eating Chocolate 10 Times A Day Reverses Aging Instantly According To Anonymous Unnamed Blogger!,CONFIRMED: Eating Chocolate 10 Times A Day Reverses Aging Instantly According To Anonymous Unnamed Blogger! Article ID #243 claiming sensational facts without empirical verification or peer review. Click here to read more shocking evidence!,News,2026-01-01,1,FAKE
Tech Firm Announces Quarterly Revenue Growth - Official News,SYDNEY — Marine biologists documented significant coral regeneration across targeted sanctuary zones following intensive conservation management programs. Reporting according to official press release #37. Verified by independent Reuters standards and institutional statements.,politics,2026-01-01,0,REAL
"LEAKED REPORT PROVES CONSPIRACY: EXCLUSIVE: Famous Celebrity Replaced By Hologram During Live Interview, Fans Notice Strange Glitch In Eyes!","EXCLUSIVE: Famous Celebrity Replaced By Hologram During Live Interview, Fans Notice Strange Glitch In Eyes! Article ID #65 claiming sensational facts without empirical verification or peer review. Click here to read more shocking evidence!",News,2026-01-01,1,FAKE
SHOCKING TRUTH REVEALED: ALERT: Invisible Robots Are Monitoring Your Thoughts Through Standard Household Mirrors! Share Before Deleted!,ALERT: Invisible Robots Are Monitoring Your Thoughts Through Standard Household Mirrors! Share Before Deleted! Article ID #64 claiming sensational facts without empirical verification or peer review. Click here to read more shocking evidence!,News,2026-01-01,1,FAKE
Global Summit Reaches Bilateral Accord - Official News,TOKYO — Tech innovators unveiled a new semiconductor fabrication process designed to increase energy efficiency in data centers by twenty percent. Reporting according to official press release #92. Verified by independent Reuters standards and institutional statements.,politics,2026-01-01,0,REAL
SHOCKING TRUTH REVEALED: LEAKED DOCUMENT: Billionaires Plan To Teleport Moon To Another Galaxy Next Month Using Quantum Magnetism!,LEAKED DOCUMENT: Billionaires Plan To Teleport Moon To Another Galaxy Next Month Using Quantum Magnetism! Article ID #272 claiming sensational facts without empirical verification or peer review. Click here to read more shocking evidence!,News,2026-01-01,1,FAKE
Global Summit Reaches Bilateral Accord - Official News,PARIS — Representatives from 40 nations assembled for the International Climate Summit to outline binding commitments for reducing industrial emissions over the next decade. Reporting according to official press release #244. Verified by independent Reuters standards and institutional statements.,politics,2026-01-01,0,REAL
"SECRET GOVERNMENT PROJECT EXPOSED: EXCLUSIVE: Famous Celebrity Replaced By Hologram During Live Interview, Fans Notice Strange Glitch In Eyes!","EXCLUSIVE: Famous Celebrity Replaced By Hologram During Live Interview, Fans Notice Strange Glitch In Eyes! Article ID #35 claiming sensational facts without empirical verification or peer review. Click here to read more shocking evidence!",News,2026-01-01,1,FAKE
SHOCKING TRUTH REVEALED: WARNING: Microwave Ovens Are Sending Secret Signals To Deep Space Satellites Without User Knowledge!,WARNING: Microwave Ovens Are Sending Secret Signals To Deep Space Satellites Without User Knowledge! Article ID #248 claiming sensational facts without empirical verification or peer review. Click here to read more shocking evidence!,News,2026-01-01,1,FAKE
Scientific Consensus Confirms Trial Results - Official News,PARIS — Representatives from 40 nations assembled for the International Climate Summit to outline binding commitments for reducing industrial emissions over the next decade. Reporting according to official press release #74. Verified by independent Reuters standards and institutional statements.,politics,2026-01-01,0,REAL
SECRET GOVERNMENT PROJECT EXPOSED: CONFIRMED: Eating Chocolate 10 Times A Day Reverses Aging Instantly According To Anonymous Unnamed Blogger!,CONFIRMED: Eating Chocolate 10 Times A Day Reverses Aging Instantly According To Anonymous Unnamed Blogger! Article ID #43 claiming sensational facts without empirical verification or peer review. Click here to read more shocking evidence!,News,2026-01-01,1,FAKE
SHOCKING TRUTH REVEALED: BREAKING: Secret Alien Technology Discovered in Underground Bunker! Government Hiding The Truth From Citizens! Scientists Shocked!,BREAKING: Secret Alien Technology Discovered in Underground Bunker! Government Hiding The Truth From Citizens! Scientists Shocked! Article ID #40 claiming sensational facts without empirical verification or peer review. Click here to read more shocking evidence!,News,2026-01-01,1,FAKE
DOCTORS HATE THIS SIMPLE TRICK: BREAKING: Secret Alien Technology Discovered in Underground Bunker! Government Hiding The Truth From Citizens! Scientists Shocked!,BREAKING: Secret Alien Technology Discovered in Underground Bunker! Government Hiding The Truth From Citizens! Scientists Shocked! Article ID #290 claiming sensational facts without empirical verification or peer review. Click here to read more shocking evidence!,News,2026-01-01,1,FAKE
SECRET GOVERNMENT PROJECT EXPOSED: CONFIRMED: Eating Chocolate 10 Times A Day Reverses Aging Instantly According To Anonymous Unnamed Blogger!,CONFIRMED: Eating Chocolate 10 Times A Day Reverses Aging Instantly According To Anonymous Unnamed Blogger! Article ID #123 claiming sensational facts without empirical verification or peer review. Click here to read more shocking evidence!,News,2026-01-01,1,FAKE
CELEBRITY SCANDAL LEAKS ONLINE: UNBELIEVABLE: Local Man Discovers Free Unlimited Electricity Using Two Magnets And A Paperclip!,UNBELIEVABLE: Local Man Discovers Free Unlimited Electricity Using Two Magnets And A Paperclip! Article ID #29 claiming sensational facts without empirical verification or peer review. Click here to read more shocking evidence!,News,2026-01-01,1,FAKE
DOCTORS HATE THIS SIMPLE TRICK: LEAKED DOCUMENT: Billionaires Plan To Teleport Moon To Another Galaxy Next Month Using Quantum Magnetism!,LEAKED DOCUMENT: Billionaires Plan To Teleport Moon To Another Galaxy Next Month Using Quantum Magnetism! Article ID #122 claiming sensational facts without empirical verification or peer review. Click here to read more shocking evidence!,News,2026-01-01,1,FAKE
CELEBRITY SCANDAL LEAKS ONLINE: MIRACLE REMEDY: Ancient Tree Bark Powder Banishes Stress And Makes You Fly In Your Sleep!,MIRACLE REMEDY: Ancient Tree Bark Powder Banishes Stress And Makes You Fly In Your Sleep! Article ID #157 claiming sensational facts without empirical verification or peer review. Click here to read more shocking evidence!,News,2026-01-01,1,FAKE
Economic Growth Indicators Show Stability - Official News,LONDON — Researchers at Oxford University published findings in Nature Medicine analyzing the clinical efficacy of novel immunotherapies across five major hospital trials. Reporting according to official press release #113. Verified by independent Reuters standards and institutional statements.,politics,2026-01-01,0,REAL
University Study Validates Health Findings - Official News,TORONTO — Canadian research council announced major grant funding for renewable energy infrastructure and smart grid modernization projects. Reporting according to official press release #199. Verified by independent Reuters standards and institutional statements.,politics,2026-01-01,0,REAL
Economic Growth Indicators Show Stability - Official News,GENEVA — The World Health Organization released updated global health guidelines recommending balanced diets and regular physical activity to reduce cardiovascular risks. Reporting according to official press release #161. Verified by independent Reuters standards and institutional statements.,politics,2026-01-01,0,REAL
LEAKED REPORT PROVES CONSPIRACY: UNBELIEVABLE: Local Man Discovers Free Unlimited Electricity Using Two Magnets And A Paperclip!,UNBELIEVABLE: Local Man Discovers Free Unlimited Electricity Using Two Magnets And A Paperclip! Article ID #9 claiming sensational facts without empirical verification or peer review. Click here to read more shocking evidence!,News,2026-01-01,1,FAKE
Economic Growth Indicators Show Stability - Official News,LONDON — Researchers at Oxford University published findings in Nature Medicine analyzing the clinical efficacy of novel immunotherapies across five major hospital trials. Reporting according to official press release #233. Verified by independent Reuters standards and institutional statements.,politics,2026-01-01,0,REAL
"CELEBRITY SCANDAL LEAKS ONLINE: EXCLUSIVE: Famous Celebrity Replaced By Hologram During Live Interview, Fans Notice Strange Glitch In Eyes!","EXCLUSIVE: Famous Celebrity Replaced By Hologram During Live Interview, Fans Notice Strange Glitch In Eyes! Article ID #165 claiming sensational facts without empirical verification or peer review. Click here to read more shocking evidence!",News,2026-01-01,1,FAKE
Environmental Protection Board Publishes Report - Official News,BERLIN — European aerospace consortium completed successful high-altitude test flights for hydrogen-powered zero-emission commercial flight prototypes. Reporting according to official press release #6. Verified by independent Reuters standards and institutional statements.,politics,2026-01-01,0,REAL
SHOCKING TRUTH REVEALED: BREAKING: Secret Alien Technology Discovered in Underground Bunker! Government Hiding The Truth From Citizens! Scientists Shocked!,BREAKING: Secret Alien Technology Discovered in Underground Bunker! Government Hiding The Truth From Citizens! Scientists Shocked! Article ID #0 claiming sensational facts without empirical verification or peer review. Click here to read more shocking evidence!,News,2026-01-01,1,FAKE
Global Summit Reaches Bilateral Accord - Official News,TOKYO — Tech innovators unveiled a new semiconductor fabrication process designed to increase energy efficiency in data centers by twenty percent. Reporting according to official press release #212. Verified by independent Reuters standards and institutional statements.,politics,2026-01-01,0,REAL
Scientific Consensus Confirms Trial Results - Official News,BRUSSELS — The European Union passed comprehensive regulations standardizing consumer device charging ports across member states. Reporting according to official press release #98. Verified by independent Reuters standards and institutional statements.,politics,2026-01-01,0,REAL
Tech Firm Announces Quarterly Revenue Growth - Official News,TORONTO — Canadian research council announced major grant funding for renewable energy infrastructure and smart grid modernization projects. Reporting according to official press release #229. Verified by independent Reuters standards and institutional statements.,politics,2026-01-01,0,REAL
DOCTORS HATE THIS SIMPLE TRICK: LEAKED DOCUMENT: Billionaires Plan To Teleport Moon To Another Galaxy Next Month Using Quantum Magnetism!,LEAKED DOCUMENT: Billionaires Plan To Teleport Moon To Another Galaxy Next Month Using Quantum Magnetism! Article ID #82 claiming sensational facts without empirical verification or peer review. Click here to read more shocking evidence!,News,2026-01-01,1,FAKE
Environmental Protection Board Publishes Report - Official News,"WASHINGTON — The Federal Reserve announced a quarter-point interest rate adjustment following its policy meeting, citing inflation trends and employment data. Reporting according to official press release #150. Verified by independent Reuters standards and institutional statements.",politics,2026-01-01,0,REAL
"WARNING TO ALL CITIZENS: SHOCKING: Drinking Lemon Juice Mixed With Miracle Powder Cures All Incurable Diseases Overnight, Doctors Don't Want You To Know!","SHOCKING: Drinking Lemon Juice Mixed With Miracle Powder Cures All Incurable Diseases Overnight, Doctors Don't Want You To Know! Article ID #191 claiming sensational facts without empirical verification or peer review. Click here to read more shocking evidence!",News,2026-01-01,1,FAKE
Tech Firm Announces Quarterly Revenue Growth - Official News,TORONTO — Canadian research council announced major grant funding for renewable energy infrastructure and smart grid modernization projects. Reporting according to official press release #189. Verified by independent Reuters standards and institutional statements.,politics,2026-01-01,0,REAL
"CELEBRITY SCANDAL LEAKS ONLINE: SHOCKING: Drinking Lemon Juice Mixed With Miracle Powder Cures All Incurable Diseases Overnight, Doctors Don't Want You To Know!","SHOCKING: Drinking Lemon Juice Mixed With Miracle Powder Cures All Incurable Diseases Overnight, Doctors Don't Want You To Know! Article ID #101 claiming sensational facts without empirical verification or peer review. Click here to read more shocking evidence!",News,2026-01-01,1,FAKE
Central Bank Adjusts Key Financial Rates - Official News,GENEVA — The World Health Organization released updated global health guidelines recommending balanced diets and regular physical activity to reduce cardiovascular risks. Reporting according to official press release #11. Verified by independent Reuters standards and institutional statements.,politics,2026-01-01,0,REAL
Scientific Consensus Confirms Trial Results - Official News,PARIS — Representatives from 40 nations assembled for the International Climate Summit to outline binding commitments for reducing industrial emissions over the next decade. Reporting according to official press release #154. Verified by independent Reuters standards and institutional statements.,politics,2026-01-01,0,REAL
Central Bank Adjusts Key Financial Rates - Official News,SYDNEY — Marine biologists documented significant coral regeneration across targeted sanctuary zones following intensive conservation management programs. Reporting according to official press release #27. Verified by independent Reuters standards and institutional statements.,politics,2026-01-01,0,REAL
Scientific Consensus Confirms Trial Results - Official News,"WASHINGTON — The Federal Reserve announced a quarter-point interest rate adjustment following its policy meeting, citing inflation trends and employment data. Reporting according to official press release #130. Verified by independent Reuters standards and institutional statements.",politics,2026-01-01,0,REAL
SHOCKING TRUTH REVEALED: LEAKED DOCUMENT: Billionaires Plan To Teleport Moon To Another Galaxy Next Month Using Quantum Magnetism!,LEAKED DOCUMENT: Billionaires Plan To Teleport Moon To Another Galaxy Next Month Using Quantum Magnetism! Article ID #152 claiming sensational facts without empirical verification or peer review. Click here to read more shocking evidence!,News,2026-01-01,1,FAKE
Global Summit Reaches Bilateral Accord - Official News,"WASHINGTON — The Federal Reserve announced a quarter-point interest rate adjustment following its policy meeting, citing inflation trends and employment data. Reporting according to official press release #20. Verified by independent Reuters standards and institutional statements.",politics,2026-01-01,0,REAL
Economic Growth Indicators Show Stability - Official News,NEW YORK — Wall Street indexes closed moderately higher as earnings reports from major manufacturing and technology firms exceeded consensus analyst estimates. Reporting according to official press release #145. Verified by independent Reuters standards and institutional statements.,politics,2026-01-01,0,REAL
MIRACLE CURE SPREADING FAST: ALERT: Invisible Robots Are Monitoring Your Thoughts Through Standard Household Mirrors! Share Before Deleted!,ALERT: Invisible Robots Are Monitoring Your Thoughts Through Standard Household Mirrors! Share Before Deleted! Article ID #54 claiming sensational facts without empirical verification or peer review. Click here to read more shocking evidence!,News,2026-01-01,1,FAKE
SECRET GOVERNMENT PROJECT EXPOSED: UNBELIEVABLE: Local Man Discovers Free Unlimited Electricity Using Two Magnets And A Paperclip!,UNBELIEVABLE: Local Man Discovers Free Unlimited Electricity Using Two Magnets And A Paperclip! Article ID #259 claiming sensational facts without empirical verification or peer review. Click here to read more shocking evidence!,News,2026-01-01,1,FAKE
"SECRET GOVERNMENT PROJECT EXPOSED: SHOCKING: Drinking Lemon Juice Mixed With Miracle Powder Cures All Incurable Diseases Overnight, Doctors Don't Want You To Know!","SHOCKING: Drinking Lemon Juice Mixed With Miracle Powder Cures All Incurable Diseases Overnight, Doctors Don't Want You To Know! Article ID #91 claiming sensational facts without empirical verification or peer review. Click here to read more shocking evidence!",News,2026-01-01,1,FAKE
Scientific Consensus Confirms Trial Results - Official News,"WASHINGTON — The Federal Reserve announced a quarter-point interest rate adjustment following its policy meeting, citing inflation trends and employment data. Reporting according to official press release #90. Verified by independent Reuters standards and institutional statements.",politics,2026-01-01,0,REAL
SHOCKING TRUTH REVEALED: SCANDAL: Secret Society Controls Global Weather Patterns Using Giant Microwaves In The Arctic Circle!,SCANDAL: Secret Society Controls Global Weather Patterns Using Giant Microwaves In The Arctic Circle! Article ID #256 claiming sensational facts without empirical verification or peer review. Click here to read more shocking evidence!,News,2026-01-01,1,FAKE
Environmental Protection Board Publishes Report - Official News,BERLIN — European aerospace consortium completed successful high-altitude test flights for hydrogen-powered zero-emission commercial flight prototypes. Reporting according to official press release #206. Verified by independent Reuters standards and institutional statements.,politics,2026-01-01,0,REAL
Global Summit Reaches Bilateral Accord - Official News,BRUSSELS — The European Union passed comprehensive regulations standardizing consumer device charging ports across member states. Reporting according to official press release #68. Verified by independent Reuters standards and institutional statements.,politics,2026-01-01,0,REAL
Global Summit Reaches Bilateral Accord - Official News,BRUSSELS — The European Union passed comprehensive regulations standardizing consumer device charging ports across member states. Reporting according to official press release #148. Verified by independent Reuters standards and institutional statements.,politics,2026-01-01,0,REAL
Central Bank Adjusts Key Financial Rates - Official News,GENEVA — The World Health Organization released updated global health guidelines recommending balanced diets and regular physical activity to reduce cardiovascular risks. Reporting according to official press release #171. Verified by independent Reuters standards and institutional statements.,politics,2026-01-01,0,REAL
"LEAKED REPORT PROVES CONSPIRACY: SHOCKING: Drinking Lemon Juice Mixed With Miracle Powder Cures All Incurable Diseases Overnight, Doctors Don't Want You To Know!","SHOCKING: Drinking Lemon Juice Mixed With Miracle Powder Cures All Incurable Diseases Overnight, Doctors Don't Want You To Know! Article ID #1 claiming sensational facts without empirical verification or peer review. Click here to read more shocking evidence!",News,2026-01-01,1,FAKE
SHOCKING TRUTH REVEALED: LEAKED DOCUMENT: Billionaires Plan To Teleport Moon To Another Galaxy Next Month Using Quantum Magnetism!,LEAKED DOCUMENT: Billionaires Plan To Teleport Moon To Another Galaxy Next Month Using Quantum Magnetism! Article ID #232 claiming sensational facts without empirical verification or peer review. Click here to read more shocking evidence!,News,2026-01-01,1,FAKE
University Study Validates Health Findings - Official News,NEW YORK — Wall Street indexes closed moderately higher as earnings reports from major manufacturing and technology firms exceeded consensus analyst estimates. Reporting according to official press release #255. Verified by independent Reuters standards and institutional statements.,politics,2026-01-01,0,REAL
MIRACLE CURE SPREADING FAST: LEAKED DOCUMENT: Billionaires Plan To Teleport Moon To Another Galaxy Next Month Using Quantum Magnetism!,LEAKED DOCUMENT: Billionaires Plan To Teleport Moon To Another Galaxy Next Month Using Quantum Magnetism! Article ID #222 claiming sensational facts without empirical verification or peer review. Click here to read more shocking evidence!,News,2026-01-01,1,FAKE
MIRACLE CURE SPREADING FAST: BREAKING: Secret Alien Technology Discovered in Underground Bunker! Government Hiding The Truth From Citizens! Scientists Shocked!,BREAKING: Secret Alien Technology Discovered in Underground Bunker! Government Hiding The Truth From Citizens! Scientists Shocked! Article ID #150 claiming sensational facts without empirical verification or peer review. Click here to read more shocking evidence!,News,2026-01-01,1,FAKE
Scientific Consensus Confirms Trial Results - Official News,BERLIN — European aerospace consortium completed successful high-altitude test flights for hydrogen-powered zero-emission commercial flight prototypes. Reporting according to official press release #226. Verified by independent Reuters standards and institutional statements.,politics,2026-01-01,0,REAL
MIRACLE CURE SPREADING FAST: ALERT: Invisible Robots Are Monitoring Your Thoughts Through Standard Household Mirrors! Share Before Deleted!,ALERT: Invisible Robots Are Monitoring Your Thoughts Through Standard Household Mirrors! Share Before Deleted! Article ID #174 claiming sensational facts without empirical verification or peer review. Click here to read more shocking evidence!,News,2026-01-01,1,FAKE
Global Summit Reaches Bilateral Accord - Official News,BRUSSELS — The European Union passed comprehensive regulations standardizing consumer device charging ports across member states. Reporting according to official press release #28. Verified by independent Reuters standards and institutional statements.,politics,2026-01-01,0,REAL
Tech Firm Announces Quarterly Revenue Growth - Official News,LONDON — Researchers at Oxford University published findings in Nature Medicine analyzing the clinical efficacy of novel immunotherapies across five major hospital trials. Reporting according to official press release #93. Verified by independent Reuters standards and institutional statements.,politics,2026-01-01,0,REAL
SHOCKING TRUTH REVEALED: SCANDAL: Secret Society Controls Global Weather Patterns Using Giant Microwaves In The Arctic Circle!,SCANDAL: Secret Society Controls Global Weather Patterns Using Giant Microwaves In The Arctic Circle! Article ID #136 claiming sensational facts without empirical verification or peer review. Click here to read more shocking evidence!,News,2026-01-01,1,FAKE
Global Summit Reaches Bilateral Accord - Official News,PARIS — Representatives from 40 nations assembled for the International Climate Summit to outline binding commitments for reducing industrial emissions over the next decade. Reporting according to official press release #84. Verified by independent Reuters standards and institutional statements.,politics,2026-01-01,0,REAL
Tech Firm Announces Quarterly Revenue Growth - Official News,GENEVA — The World Health Organization released updated global health guidelines recommending balanced diets and regular physical activity to reduce cardiovascular risks. Reporting according to official press release #221. Verified by independent Reuters standards and institutional statements.,politics,2026-01-01,0,REAL
Economic Growth Indicators Show Stability - Official News,LONDON — Researchers at Oxford University published findings in Nature Medicine analyzing the clinical efficacy of novel immunotherapies across five major hospital trials. Reporting according to official press release #153. Verified by independent Reuters standards and institutional statements.,politics,2026-01-01,0,REAL
Economic Growth Indicators Show Stability - Official News,TORONTO — Canadian research council announced major grant funding for renewable energy infrastructure and smart grid modernization projects. Reporting according to official press release #49. Verified by independent Reuters standards and institutional statements.,politics,2026-01-01,0,REAL
DOCTORS HATE THIS SIMPLE TRICK: WARNING: Microwave Ovens Are Sending Secret Signals To Deep Space Satellites Without User Knowledge!,WARNING: Microwave Ovens Are Sending Secret Signals To Deep Space Satellites Without User Knowledge! Article ID #58 claiming sensational facts without empirical verification or peer review. Click here to read more shocking evidence!,News,2026-01-01,1,FAKE
Tech Firm Announces Quarterly Revenue Growth - Official News,TORONTO — Canadian research council announced major grant funding for renewable energy infrastructure and smart grid modernization projects. Reporting according to official press release #69. Verified by independent Reuters standards and institutional statements.,politics,2026-01-01,0,REAL
Economic Growth Indicators Show Stability - Official News,NEW YORK — Wall Street indexes closed moderately higher as earnings reports from major manufacturing and technology firms exceeded consensus analyst estimates. Reporting according to official press release #185. Verified by independent Reuters standards and institutional statements.,politics,2026-01-01,0,REAL
"CELEBRITY SCANDAL LEAKS ONLINE: EXCLUSIVE: Famous Celebrity Replaced By Hologram During Live Interview, Fans Notice Strange Glitch In Eyes!","EXCLUSIVE: Famous Celebrity Replaced By Hologram During Live Interview, Fans Notice Strange Glitch In Eyes! Article ID #5 claiming sensational facts without empirical verification or peer review. Click here to read more shocking evidence!",News,2026-01-01,1,FAKE
University Study Validates Health Findings - Official News,GENEVA — The World Health Organization released updated global health guidelines recommending balanced diets and regular physical activity to reduce cardiovascular risks. Reporting according to official press release #191. Verified by independent Reuters standards and institutional statements.,politics,2026-01-01,0,REAL
SECRET GOVERNMENT PROJECT EXPOSED: CONFIRMED: Eating Chocolate 10 Times A Day Reverses Aging Instantly According To Anonymous Unnamed Blogger!,CONFIRMED: Eating Chocolate 10 Times A Day Reverses Aging Instantly According To Anonymous Unnamed Blogger! Article ID #283 claiming sensational facts without empirical verification or peer review. Click here to read more shocking evidence!,News,2026-01-01,1,FAKE
SHOCKING TRUTH REVEALED: WARNING: Microwave Ovens Are Sending Secret Signals To Deep Space Satellites Without User Knowledge!,WARNING: Microwave Ovens Are Sending Secret Signals To Deep Space Satellites Without User Knowledge! Article ID #128 claiming sensational facts without empirical verification or peer review. Click here to read more shocking evidence!,News,2026-01-01,1,FAKE
Tech Firm Announces Quarterly Revenue Growth - Official News,GENEVA — The World Health Organization released updated global health guidelines recommending balanced diets and regular physical activity to reduce cardiovascular risks. Reporting according to official press release #261. Verified by independent Reuters standards and institutional statements.,politics,2026-01-01,0,REAL
WARNING TO ALL CITIZENS: UNBELIEVABLE: Local Man Discovers Free Unlimited Electricity Using Two Magnets And A Paperclip!,UNBELIEVABLE: Local Man Discovers Free Unlimited Electricity Using Two Magnets And A Paperclip! Article ID #239 claiming sensational facts without empirical verification or peer review. Click here to read more shocking evidence!,News,2026-01-01,1,FAKE
University Study Validates Health Findings - Official News,LONDON — Researchers at Oxford University published findings in Nature Medicine analyzing the clinical efficacy of novel immunotherapies across five major hospital trials. Reporting according to official press release #183. Verified by independent Reuters standards and institutional statements.,politics,2026-01-01,0,REAL
"SECRET GOVERNMENT PROJECT EXPOSED: EXCLUSIVE: Famous Celebrity Replaced By Hologram During Live Interview, Fans Notice Strange Glitch In Eyes!","EXCLUSIVE: Famous Celebrity Replaced By Hologram During Live Interview, Fans Notice Strange Glitch In Eyes! Article ID #195 claiming sensational facts without empirical verification or peer review. Click here to read more shocking evidence!",News,2026-01-01,1,FAKE
CELEBRITY SCANDAL LEAKS ONLINE: MIRACLE REMEDY: Ancient Tree Bark Powder Banishes Stress And Makes You Fly In Your Sleep!,MIRACLE REMEDY: Ancient Tree Bark Powder Banishes Stress And Makes You Fly In Your Sleep! Article ID #197 claiming sensational facts without empirical verification or peer review. Click here to read more shocking evidence!,News,2026-01-01,1,FAKE
Official Statement Released by Ministry - Official News,PARIS — Representatives from 40 nations assembled for the International Climate Summit to outline binding commitments for reducing industrial emissions over the next decade. Reporting according to official press release #224. Verified by independent Reuters standards and institutional statements.,politics,2026-01-01,0,REAL
Tech Firm Announces Quarterly Revenue Growth - Official News,NEW YORK — Wall Street indexes closed moderately higher as earnings reports from major manufacturing and technology firms exceeded consensus analyst estimates. Reporting according to official press release #5. Verified by independent Reuters standards and institutional statements.,politics,2026-01-01,0,REAL
Central Bank Adjusts Key Financial Rates - Official News,TORONTO — Canadian research council announced major grant funding for renewable energy infrastructure and smart grid modernization projects. Reporting according to official press release #219. Verified by independent Reuters standards and institutional statements.,politics,2026-01-01,0,REAL
Official Statement Released by Ministry - Official News,TOKYO — Tech innovators unveiled a new semiconductor fabrication process designed to increase energy efficiency in data centers by twenty percent. Reporting according to official press release #272. Verified by independent Reuters standards and institutional statements.,politics,2026-01-01,0,REAL
University Study Validates Health Findings - Official News,NEW YORK — Wall Street indexes closed moderately higher as earnings reports from major manufacturing and technology firms exceeded consensus analyst estimates. Reporting according to official press release #215. Verified by independent Reuters standards and institutional statements.,politics,2026-01-01,0,REAL
University Study Validates Health Findings - Official News,SYDNEY — Marine biologists documented significant coral regeneration across targeted sanctuary zones following intensive conservation management programs. Reporting according to official press release #247. Verified by independent Reuters standards and institutional statements.,politics,2026-01-01,0,REAL
Tech Firm Announces Quarterly Revenue Growth - Official News,GENEVA — The World Health Organization released updated global health guidelines recommending balanced diets and regular physical activity to reduce cardiovascular risks. Reporting according to official press release #21. Verified by independent Reuters standards and institutional statements.,politics,2026-01-01,0,REAL
MIRACLE CURE SPREADING FAST: WARNING: Microwave Ovens Are Sending Secret Signals To Deep Space Satellites Without User Knowledge!,WARNING: Microwave Ovens Are Sending Secret Signals To Deep Space Satellites Without User Knowledge! Article ID #78 claiming sensational facts without empirical verification or peer review. Click here to read more shocking evidence!,News,2026-01-01,1,FAKE
SHOCKING TRUTH REVEALED: SCANDAL: Secret Society Controls Global Weather Patterns Using Giant Microwaves In The Arctic Circle!,SCANDAL: Secret Society Controls Global Weather Patterns Using Giant Microwaves In The Arctic Circle! Article ID #56 claiming sensational facts without empirical verification or peer review. Click here to read more shocking evidence!,News,2026-01-01,1,FAKE
Global Summit Reaches Bilateral Accord - Official News,"WASHINGTON — The Federal Reserve announced a quarter-point interest rate adjustment following its policy meeting, citing inflation trends and employment data. Reporting according to official press release #140. Verified by independent Reuters standards and institutional statements.",politics,2026-01-01,0,REAL
SHOCKING TRUTH REVEALED: ALERT: Invisible Robots Are Monitoring Your Thoughts Through Standard Household Mirrors! Share Before Deleted!,ALERT: Invisible Robots Are Monitoring Your Thoughts Through Standard Household Mirrors! Share Before Deleted! Article ID #24 claiming sensational facts without empirical verification or peer review. Click here to read more shocking evidence!,News,2026-01-01,1,FAKE
Environmental Protection Board Publishes Report - Official News,BERLIN — European aerospace consortium completed successful high-altitude test flights for hydrogen-powered zero-emission commercial flight prototypes. Reporting according to official press release #86. Verified by independent Reuters standards and institutional statements.,politics,2026-01-01,0,REAL
Scientific Consensus Confirms Trial Results - Official News,"WASHINGTON — The Federal Reserve announced a quarter-point interest rate adjustment following its policy meeting, citing inflation trends and employment data. Reporting according to official press release #250. Verified by independent Reuters standards and institutional statements.",politics,2026-01-01,0,REAL
UNBELIEVABLE DISCOVERY CHANGES EVERYTHING: LEAKED DOCUMENT: Billionaires Plan To Teleport Moon To Another Galaxy Next Month Using Quantum Magnetism!,LEAKED DOCUMENT: Billionaires Plan To Teleport Moon To Another Galaxy Next Month Using Quantum Magnetism! Article ID #252 claiming sensational facts without empirical verification or peer review. Click here to read more shocking evidence!,News,2026-01-01,1,FAKE
UNBELIEVABLE DISCOVERY CHANGES EVERYTHING: BREAKING: Secret Alien Technology Discovered in Underground Bunker! Government Hiding The Truth From Citizens! Scientists Shocked!,BREAKING: Secret Alien Technology Discovered in Underground Bunker! Government Hiding The Truth From Citizens! Scientists Shocked! Article ID #260 claiming sensational facts without empirical verification or peer review. Click here to read more shocking evidence!,News,2026-01-01,1,FAKE
MIRACLE CURE SPREADING FAST: BREAKING: Secret Alien Technology Discovered in Underground Bunker! Government Hiding The Truth From Citizens! Scientists Shocked!,BREAKING: Secret Alien Technology Discovered in Underground Bunker! Government Hiding The Truth From Citizens! Scientists Shocked! Article ID #70 claiming sensational facts without empirical verification or peer review. Click here to read more shocking evidence!,News,2026-01-01,1,FAKE
SHOCKING TRUTH REVEALED: LEAKED DOCUMENT: Billionaires Plan To Teleport Moon To Another Galaxy Next Month Using Quantum Magnetism!,LEAKED DOCUMENT: Billionaires Plan To Teleport Moon To Another Galaxy Next Month Using Quantum Magnetism! Article ID #112 claiming sensational facts without empirical verification or peer review. Click here to read more shocking evidence!,News,2026-01-01,1,FAKE
"LEAKED REPORT PROVES CONSPIRACY: EXCLUSIVE: Famous Celebrity Replaced By Hologram During Live Interview, Fans Notice Strange Glitch In Eyes!","EXCLUSIVE: Famous Celebrity Replaced By Hologram During Live Interview, Fans Notice Strange Glitch In Eyes! Article ID #185 claiming sensational facts without empirical verification or peer review. Click here to read more shocking evidence!",News,2026-01-01,1,FAKE
UNBELIEVABLE DISCOVERY CHANGES EVERYTHING: ALERT: Invisible Robots Are Monitoring Your Thoughts Through Standard Household Mirrors! Share Before Deleted!,ALERT: Invisible Robots Are Monitoring Your Thoughts Through Standard Household Mirrors! Share Before Deleted! Article ID #204 claiming sensational facts without empirical verification or peer review. Click here to read more shocking evidence!,News,2026-01-01,1,FAKE
DOCTORS HATE THIS SIMPLE TRICK: WARNING: Microwave Ovens Are Sending Secret Signals To Deep Space Satellites Without User Knowledge!,WARNING: Microwave Ovens Are Sending Secret Signals To Deep Space Satellites Without User Knowledge! Article ID #298 claiming sensational facts without empirical verification or peer review. Click here to read more shocking evidence!,News,2026-01-01,1,FAKE
Tech Firm Announces Quarterly Revenue Growth - Official News,SYDNEY — Marine biologists documented significant coral regeneration across targeted sanctuary zones following intensive conservation management programs. Reporting according to official press release #277. Verified by independent Reuters standards and institutional statements.,politics,2026-01-01,0,REAL
SECRET GOVERNMENT PROJECT EXPOSED: UNBELIEVABLE: Local Man Discovers Free Unlimited Electricity Using Two Magnets And A Paperclip!,UNBELIEVABLE: Local Man Discovers Free Unlimited Electricity Using Two Magnets And A Paperclip! Article ID #219 claiming sensational facts without empirical verification or peer review. Click here to read more shocking evidence!,News,2026-01-01,1,FAKE
SECRET GOVERNMENT PROJECT EXPOSED: UNBELIEVABLE: Local Man Discovers Free Unlimited Electricity Using Two Magnets And A Paperclip!,UNBELIEVABLE: Local Man Discovers Free Unlimited Electricity Using Two Magnets And A Paperclip! Article ID #299 claiming sensational facts without empirical verification or peer review. Click here to read more shocking evidence!,News,2026-01-01,1,FAKE
Scientific Consensus Confirms Trial Results - Official News,TOKYO — Tech innovators unveiled a new semiconductor fabrication process designed to increase energy efficiency in data centers by twenty percent. Reporting according to official press release #82. Verified by independent Reuters standards and institutional statements.,politics,2026-01-01,0,REAL
MIRACLE CURE SPREADING FAST: ALERT: Invisible Robots Are Monitoring Your Thoughts Through Standard Household Mirrors! Share Before Deleted!,ALERT: Invisible Robots Are Monitoring Your Thoughts Through Standard Household Mirrors! Share Before Deleted! Article ID #134 claiming sensational facts without empirical verification or peer review. Click here to read more shocking evidence!,News,2026-01-01,1,FAKE
"SECRET GOVERNMENT PROJECT EXPOSED: EXCLUSIVE: Famous Celebrity Replaced By Hologram During Live Interview, Fans Notice Strange Glitch In Eyes!","EXCLUSIVE: Famous Celebrity Replaced By Hologram During Live Interview, Fans Notice Strange Glitch In Eyes! Article ID #275 claiming sensational facts without empirical verification or peer review. Click here to read more shocking evidence!",News,2026-01-01,1,FAKE
WARNING TO ALL CITIZENS: MIRACLE REMEDY: Ancient Tree Bark Powder Banishes Stress And Makes You Fly In Your Sleep!,MIRACLE REMEDY: Ancient Tree Bark Powder Banishes Stress And Makes You Fly In Your Sleep! Article ID #287 claiming sensational facts without empirical verification or peer review. Click here to read more shocking evidence!,News,2026-01-01,1,FAKE
Economic Growth Indicators Show Stability - Official News,GENEVA — The World Health Organization released updated global health guidelines recommending balanced diets and regular physical activity to reduce cardiovascular risks. Reporting according to official press release #81. Verified by independent Reuters standards and institutional statements.,politics,2026-01-01,0,REAL
MIRACLE CURE SPREADING FAST: SCANDAL: Secret Society Controls Global Weather Patterns Using Giant Microwaves In The Arctic Circle!,SCANDAL: Secret Society Controls Global Weather Patterns Using Giant Microwaves In The Arctic Circle! Article ID #126 claiming sensational facts without empirical verification or peer review. Click here to read more shocking evidence!,News,2026-01-01,1,FAKE
Environmental Protection Board Publishes Report - Official News,PARIS — Representatives from 40 nations assembled for the International Climate Summit to outline binding commitments for reducing industrial emissions over the next decade. Reporting according to official press release #294. Verified by independent Reuters standards and institutional statements.,politics,2026-01-01,0,REAL
"WARNING TO ALL CITIZENS: SHOCKING: Drinking Lemon Juice Mixed With Miracle Powder Cures All Incurable Diseases Overnight, Doctors Don't Want You To Know!","SHOCKING: Drinking Lemon Juice Mixed With Miracle Powder Cures All Incurable Diseases Overnight, Doctors Don't Want You To Know! Article ID #271 claiming sensational facts without empirical verification or peer review. Click here to read more shocking evidence!",News,2026-01-01,1,FAKE
DOCTORS HATE THIS SIMPLE TRICK: SCANDAL: Secret Society Controls Global Weather Patterns Using Giant Microwaves In The Arctic Circle!,SCANDAL: Secret Society Controls Global Weather Patterns Using Giant Microwaves In The Arctic Circle! Article ID #146 claiming sensational facts without empirical verification or peer review. Click here to read more shocking evidence!,News,2026-01-01,1,FAKE
Economic Growth Indicators Show Stability - Official News,TORONTO — Canadian research council announced major grant funding for renewable energy infrastructure and smart grid modernization projects. Reporting according to official press release #169. Verified by independent Reuters standards and institutional statements.,politics,2026-01-01,0,REAL
Economic Growth Indicators Show Stability - Official News,NEW YORK — Wall Street indexes closed moderately higher as earnings reports from major manufacturing and technology firms exceeded consensus analyst estimates. Reporting according to official press release #105. Verified by independent Reuters standards and institutional statements.,politics,2026-01-01,0,REAL
Central Bank Adjusts Key Financial Rates - Official News,GENEVA — The World Health Organization released updated global health guidelines recommending balanced diets and regular physical activity to reduce cardiovascular risks. Reporting according to official press release #211. Verified by independent Reuters standards and institutional statements.,politics,2026-01-01,0,REAL
LEAKED REPORT PROVES CONSPIRACY: MIRACLE REMEDY: Ancient Tree Bark Powder Banishes Stress And Makes You Fly In Your Sleep!,MIRACLE REMEDY: Ancient Tree Bark Powder Banishes Stress And Makes You Fly In Your Sleep! Article ID #217 claiming sensational facts without empirical verification or peer review. Click here to read more shocking evidence!,News,2026-01-01,1,FAKE
Environmental Protection Board Publishes Report - Official News,TOKYO — Tech innovators unveiled a new semiconductor fabrication process designed to increase energy efficiency in data centers by twenty percent. Reporting according to official press release #22. Verified by independent Reuters standards and institutional statements.,politics,2026-01-01,0,REAL
SHOCKING TRUTH REVEALED: SCANDAL: Secret Society Controls Global Weather Patterns Using Giant Microwaves In The Arctic Circle!,SCANDAL: Secret Society Controls Global Weather Patterns Using Giant Microwaves In The Arctic Circle! Article ID #216 claiming sensational facts without empirical verification or peer review. Click here to read more shocking evidence!,News,2026-01-01,1,FAKE
SECRET GOVERNMENT PROJECT EXPOSED: MIRACLE REMEDY: Ancient Tree Bark Powder Banishes Stress And Makes You Fly In Your Sleep!,MIRACLE REMEDY: Ancient Tree Bark Powder Banishes Stress And Makes You Fly In Your Sleep! Article ID #67 claiming sensational facts without empirical verification or peer review. Click here to read more shocking evidence!,News,2026-01-01,1,FAKE
DOCTORS HATE THIS SIMPLE TRICK: ALERT: Invisible Robots Are Monitoring Your Thoughts Through Standard Household Mirrors! Share Before Deleted!,ALERT: Invisible Robots Are Monitoring Your Thoughts Through Standard Household Mirrors! Share Before Deleted! Article ID #274 claiming sensational facts without empirical verification or peer review. Click here to read more shocking evidence!,News,2026-01-01,1,FAKE
Environmental Protection Board Publishes Report - Official News,"WASHINGTON — The Federal Reserve announced a quarter-point interest rate adjustment following its policy meeting, citing inflation trends and employment data. Reporting according to official press release #110. Verified by independent Reuters standards and institutional statements.",politics,2026-01-01,0,REAL
University Study Validates Health Findings - Official News,LONDON — Researchers at Oxford University published findings in Nature Medicine analyzing the clinical efficacy of novel immunotherapies across five major hospital trials. Reporting according to official press release #23. Verified by independent Reuters standards and institutional statements.,politics,2026-01-01,0,REAL
Economic Growth Indicators Show Stability - Official News,TORONTO — Canadian research council announced major grant funding for renewable energy infrastructure and smart grid modernization projects. Reporting according to official press release #289. Verified by independent Reuters standards and institutional statements.,politics,2026-01-01,0,REAL
DOCTORS HATE THIS SIMPLE TRICK: ALERT: Invisible Robots Are Monitoring Your Thoughts Through Standard Household Mirrors! Share Before Deleted!,ALERT: Invisible Robots Are Monitoring Your Thoughts Through Standard Household Mirrors! Share Before Deleted! Article ID #234 claiming sensational facts without empirical verification or peer review. Click here to read more shocking evidence!,News,2026-01-01,1,FAKE
LEAKED REPORT PROVES CONSPIRACY: MIRACLE REMEDY: Ancient Tree Bark Powder Banishes Stress And Makes You Fly In Your Sleep!,MIRACLE REMEDY: Ancient Tree Bark Powder Banishes Stress And Makes You Fly In Your Sleep! Article ID #57 claiming sensational facts without empirical verification or peer review. Click here to read more shocking evidence!,News,2026-01-01,1,FAKE
Official Statement Released by Ministry - Official News,TOKYO — Tech innovators unveiled a new semiconductor fabrication process designed to increase energy efficiency in data centers by twenty percent. Reporting according to official press release #32. Verified by independent Reuters standards and institutional statements.,politics,2026-01-01,0,REAL
SHOCKING TRUTH REVEALED: ALERT: Invisible Robots Are Monitoring Your Thoughts Through Standard Household Mirrors! Share Before Deleted!,ALERT: Invisible Robots Are Monitoring Your Thoughts Through Standard Household Mirrors! Share Before Deleted! Article ID #224 claiming sensational facts without empirical verification or peer review. Click here to read more shocking evidence!,News,2026-01-01,1,FAKE
UNBELIEVABLE DISCOVERY CHANGES EVERYTHING: SCANDAL: Secret Society Controls Global Weather Patterns Using Giant Microwaves In The Arctic Circle!,SCANDAL: Secret Society Controls Global Weather Patterns Using Giant Microwaves In The Arctic Circle! Article ID #276 claiming sensational facts without empirical verification or peer review. Click here to read more shocking evidence!,News,2026-01-01,1,FAKE
Official Statement Released by Ministry - Official News,BRUSSELS — The European Union passed comprehensive regulations standardizing consumer device charging ports across member states. Reporting according to official press release #88. Verified by independent Reuters standards and institutional statements.,politics,2026-01-01,0,REAL
Tech Firm Announces Quarterly Revenue Growth - Official News,LONDON — Researchers at Oxford University published findings in Nature Medicine analyzing the clinical efficacy of novel immunotherapies across five major hospital trials. Reporting according to official press release #173. Verified by independent Reuters standards and institutional statements.,politics,2026-01-01,0,REAL
WARNING TO ALL CITIZENS: MIRACLE REMEDY: Ancient Tree Bark Powder Banishes Stress And Makes You Fly In Your Sleep!,MIRACLE REMEDY: Ancient Tree Bark Powder Banishes Stress And Makes You Fly In Your Sleep! Article ID #167 claiming sensational facts without empirical verification or peer review. Click here to read more shocking evidence!,News,2026-01-01,1,FAKE
Official Statement Released by Ministry - Official News,BERLIN — European aerospace consortium completed successful high-altitude test flights for hydrogen-powered zero-emission commercial flight prototypes. Reporting according to official press release #296. Verified by independent Reuters standards and institutional statements.,politics,2026-01-01,0,REAL
"WARNING TO ALL CITIZENS: EXCLUSIVE: Famous Celebrity Replaced By Hologram During Live Interview, Fans Notice Strange Glitch In Eyes!","EXCLUSIVE: Famous Celebrity Replaced By Hologram During Live Interview, Fans Notice Strange Glitch In Eyes! Article ID #175 claiming sensational facts without empirical verification or peer review. Click here to read more shocking evidence!",News,2026-01-01,1,FAKE
LEAKED REPORT PROVES CONSPIRACY: CONFIRMED: Eating Chocolate 10 Times A Day Reverses Aging Instantly According To Anonymous Unnamed Blogger!,CONFIRMED: Eating Chocolate 10 Times A Day Reverses Aging Instantly According To Anonymous Unnamed Blogger! Article ID #73 claiming sensational facts without empirical verification or peer review. Click here to read more shocking evidence!,News,2026-01-01,1,FAKE
LEAKED REPORT PROVES CONSPIRACY: CONFIRMED: Eating Chocolate 10 Times A Day Reverses Aging Instantly According To Anonymous Unnamed Blogger!,CONFIRMED: Eating Chocolate 10 Times A Day Reverses Aging Instantly According To Anonymous Unnamed Blogger! Article ID #273 claiming sensational facts without empirical verification or peer review. Click here to read more shocking evidence!,News,2026-01-01,1,FAKE
MIRACLE CURE SPREADING FAST: ALERT: Invisible Robots Are Monitoring Your Thoughts Through Standard Household Mirrors! Share Before Deleted!,ALERT: Invisible Robots Are Monitoring Your Thoughts Through Standard Household Mirrors! Share Before Deleted! Article ID #214 claiming sensational facts without empirical verification or peer review. Click here to read more shocking evidence!,News,2026-01-01,1,FAKE
University Study Validates Health Findings - Official News,LONDON — Researchers at Oxford University published findings in Nature Medicine analyzing the clinical efficacy of novel immunotherapies across five major hospital trials. Reporting according to official press release #63. Verified by independent Reuters standards and institutional statements.,politics,2026-01-01,0,REAL
University Study Validates Health Findings - Official News,TORONTO — Canadian research council announced major grant funding for renewable energy infrastructure and smart grid modernization projects. Reporting according to official press release #79. Verified by independent Reuters standards and institutional statements.,politics,2026-01-01,0,REAL
MIRACLE CURE SPREADING FAST: SCANDAL: Secret Society Controls Global Weather Patterns Using Giant Microwaves In The Arctic Circle!,SCANDAL: Secret Society Controls Global Weather Patterns Using Giant Microwaves In The Arctic Circle! Article ID #166 claiming sensational facts without empirical verification or peer review. Click here to read more shocking evidence!,News,2026-01-01,1,FAKE
Economic Growth Indicators Show Stability - Official News,LONDON — Researchers at Oxford University published findings in Nature Medicine analyzing the clinical efficacy of novel immunotherapies across five major hospital trials. Reporting according to official press release #73. Verified by independent Reuters standards and institutional statements.,politics,2026-01-01,0,REAL
Global Summit Reaches Bilateral Accord - Official News,PARIS — Representatives from 40 nations assembled for the International Climate Summit to outline binding commitments for reducing industrial emissions over the next decade. Reporting according to official press release #164. Verified by independent Reuters standards and institutional statements.,politics,2026-01-01,0,REAL
University Study Validates Health Findings - Official News,GENEVA — The World Health Organization released updated global health guidelines recommending balanced diets and regular physical activity to reduce cardiovascular risks. Reporting according to official press release #271. Verified by independent Reuters standards and institutional statements.,politics,2026-01-01,0,REAL
Economic Growth Indicators Show Stability - Official News,NEW YORK — Wall Street indexes closed moderately higher as earnings reports from major manufacturing and technology firms exceeded consensus analyst estimates. Reporting according to official press release #265. Verified by independent Reuters standards and institutional statements.,politics,2026-01-01,0,REAL
WARNING TO ALL CITIZENS: CONFIRMED: Eating Chocolate 10 Times A Day Reverses Aging Instantly According To Anonymous Unnamed Blogger!,CONFIRMED: Eating Chocolate 10 Times A Day Reverses Aging Instantly According To Anonymous Unnamed Blogger! Article ID #103 claiming sensational facts without empirical verification or peer review. Click here to read more shocking evidence!,News,2026-01-01,1,FAKE
Tech Firm Announces Quarterly Revenue Growth - Official News,NEW YORK — Wall Street indexes closed moderately higher as earnings reports from major manufacturing and technology firms exceeded consensus analyst estimates. Reporting according to official press release #285. Verified by independent Reuters standards and institutional statements.,politics,2026-01-01,0,REAL
"LEAKED REPORT PROVES CONSPIRACY: SHOCKING: Drinking Lemon Juice Mixed With Miracle Powder Cures All Incurable Diseases Overnight, Doctors Don't Want You To Know!","SHOCKING: Drinking Lemon Juice Mixed With Miracle Powder Cures All Incurable Diseases Overnight, Doctors Don't Want You To Know! Article ID #81 claiming sensational facts without empirical verification or peer review. Click here to read more shocking evidence!",News,2026-01-01,1,FAKE
SHOCKING TRUTH REVEALED: SCANDAL: Secret Society Controls Global Weather Patterns Using Giant Microwaves In The Arctic Circle!,SCANDAL: Secret Society Controls Global Weather Patterns Using Giant Microwaves In The Arctic Circle! Article ID #296 claiming sensational facts without empirical verification or peer review. Click here to read more shocking evidence!,News,2026-01-01,1,FAKE
LEAKED REPORT PROVES CONSPIRACY: CONFIRMED: Eating Chocolate 10 Times A Day Reverses Aging Instantly According To Anonymous Unnamed Blogger!,CONFIRMED: Eating Chocolate 10 Times A Day Reverses Aging Instantly According To Anonymous Unnamed Blogger! Article ID #233 claiming sensational facts without empirical verification or peer review. Click here to read more shocking evidence!,News,2026-01-01,1,FAKE
MIRACLE CURE SPREADING FAST: SCANDAL: Secret Society Controls Global Weather Patterns Using Giant Microwaves In The Arctic Circle!,SCANDAL: Secret Society Controls Global Weather Patterns Using Giant Microwaves In The Arctic Circle! Article ID #46 claiming sensational facts without empirical verification or peer review. Click here to read more shocking evidence!,News,2026-01-01,1,FAKE
"WARNING TO ALL CITIZENS: SHOCKING: Drinking Lemon Juice Mixed With Miracle Powder Cures All Incurable Diseases Overnight, Doctors Don't Want You To Know!","SHOCKING: Drinking Lemon Juice Mixed With Miracle Powder Cures All Incurable Diseases Overnight, Doctors Don't Want You To Know! Article ID #71 claiming sensational facts without empirical verification or peer review. Click here to read more shocking evidence!",News,2026-01-01,1,FAKE
UNBELIEVABLE DISCOVERY CHANGES EVERYTHING: SCANDAL: Secret Society Controls Global Weather Patterns Using Giant Microwaves In The Arctic Circle!,SCANDAL: Secret Society Controls Global Weather Patterns Using Giant Microwaves In The Arctic Circle! Article ID #196 claiming sensational facts without empirical verification or peer review. Click here to read more shocking evidence!,News,2026-01-01,1,FAKE
Environmental Protection Board Publishes Report - Official News,"WASHINGTON — The Federal Reserve announced a quarter-point interest rate adjustment following its policy meeting, citing inflation trends and employment data. Reporting according to official press release #70. Verified by independent Reuters standards and institutional statements.",politics,2026-01-01,0,REAL
Official Statement Released by Ministry - Official News,"WASHINGTON — The Federal Reserve announced a quarter-point interest rate adjustment following its policy meeting, citing inflation trends and employment data. Reporting according to official press release #0. Verified by independent Reuters standards and institutional statements.",politics,2026-01-01,0,REAL
SHOCKING TRUTH REVEALED: BREAKING: Secret Alien Technology Discovered in Underground Bunker! Government Hiding The Truth From Citizens! Scientists Shocked!,BREAKING: Secret Alien Technology Discovered in Underground Bunker! Government Hiding The Truth From Citizens! Scientists Shocked! Article ID #80 claiming sensational facts without empirical verification or peer review. Click here to read more shocking evidence!,News,2026-01-01,1,FAKE
University Study Validates Health Findings - Official News,SYDNEY — Marine biologists documented significant coral regeneration across targeted sanctuary zones following intensive conservation management programs. Reporting according to official press release #87. Verified by independent Reuters standards and institutional statements.,politics,2026-01-01,0,REAL
WARNING TO ALL CITIZENS: MIRACLE REMEDY: Ancient Tree Bark Powder Banishes Stress And Makes You Fly In Your Sleep!,MIRACLE REMEDY: Ancient Tree Bark Powder Banishes Stress And Makes You Fly In Your Sleep! Article ID #127 claiming sensational facts without empirical verification or peer review. Click here to read more shocking evidence!,News,2026-01-01,1,FAKE
Economic Growth Indicators Show Stability - Official News,TORONTO — Canadian research council announced major grant funding for renewable energy infrastructure and smart grid modernization projects. Reporting according to official press release #249. Verified by independent Reuters standards and institutional statements.,politics,2026-01-01,0,REAL
Scientific Consensus Confirms Trial Results - Official News,"WASHINGTON — The Federal Reserve announced a quarter-point interest rate adjustment following its policy meeting, citing inflation trends and employment data. Reporting according to official press release #170. Verified by independent Reuters standards and institutional statements.",politics,2026-01-01,0,REAL
UNBELIEVABLE DISCOVERY CHANGES EVERYTHING: ALERT: Invisible Robots Are Monitoring Your Thoughts Through Standard Household Mirrors! Share Before Deleted!,ALERT: Invisible Robots Are Monitoring Your Thoughts Through Standard Household Mirrors! Share Before Deleted! Article ID #44 claiming sensational facts without empirical verification or peer review. Click here to read more shocking evidence!,News,2026-01-01,1,FAKE
MIRACLE CURE SPREADING FAST: BREAKING: Secret Alien Technology Discovered in Underground Bunker! Government Hiding The Truth From Citizens! Scientists Shocked!,BREAKING: Secret Alien Technology Discovered in Underground Bunker! Government Hiding The Truth From Citizens! Scientists Shocked! Article ID #270 claiming sensational facts without empirical verification or peer review. Click here to read more shocking evidence!,News,2026-01-01,1,FAKE
Global Summit Reaches Bilateral Accord - Official News,TOKYO — Tech innovators unveiled a new semiconductor fabrication process designed to increase energy efficiency in data centers by twenty percent. Reporting according to official press release #52. Verified by independent Reuters standards and institutional statements.,politics,2026-01-01,0,REAL
Central Bank Adjusts Key Financial Rates - Official News,SYDNEY — Marine biologists documented significant coral regeneration across targeted sanctuary zones following intensive conservation management programs. Reporting according to official press release #67. Verified by independent Reuters standards and institutional statements.,politics,2026-01-01,0,REAL
SECRET GOVERNMENT PROJECT EXPOSED: UNBELIEVABLE: Local Man Discovers Free Unlimited Electricity Using Two Magnets And A Paperclip!,UNBELIEVABLE: Local Man Discovers Free Unlimited Electricity Using Two Magnets And A Paperclip! Article ID #99 claiming sensational facts without empirical verification or peer review. Click here to read more shocking evidence!,News,2026-01-01,1,FAKE
Economic Growth Indicators Show Stability - Official News,TORONTO — Canadian research council announced major grant funding for renewable energy infrastructure and smart grid modernization projects. Reporting according to official press release #89. Verified by independent Reuters standards and institutional statements.,politics,2026-01-01,0,REAL
MIRACLE CURE SPREADING FAST: ALERT: Invisible Robots Are Monitoring Your Thoughts Through Standard Household Mirrors! Share Before Deleted!,ALERT: Invisible Robots Are Monitoring Your Thoughts Through Standard Household Mirrors! Share Before Deleted! Article ID #94 claiming sensational facts without empirical verification or peer review. Click here to read more shocking evidence!,News,2026-01-01,1,FAKE
Tech Firm Announces Quarterly Revenue Growth - Official News,LONDON — Researchers at Oxford University published findings in Nature Medicine analyzing the clinical efficacy of novel immunotherapies across five major hospital trials. Reporting according to official press release #293. Verified by independent Reuters standards and institutional statements.,politics,2026-01-01,0,REAL
Global Summit Reaches Bilateral Accord - Official News,PARIS — Representatives from 40 nations assembled for the International Climate Summit to outline binding commitments for reducing industrial emissions over the next decade. Reporting according to official press release #44. Verified by independent Reuters standards and institutional statements.,politics,2026-01-01,0,REAL
UNBELIEVABLE DISCOVERY CHANGES EVERYTHING: BREAKING: Secret Alien Technology Discovered in Underground Bunker! Government Hiding The Truth From Citizens! Scientists Shocked!,BREAKING: Secret Alien Technology Discovered in Underground Bunker! Government Hiding The Truth From Citizens! Scientists Shocked! Article ID #220 claiming sensational facts without empirical verification or peer review. Click here to read more shocking evidence!,News,2026-01-01,1,FAKE
WARNING TO ALL CITIZENS: UNBELIEVABLE: Local Man Discovers Free Unlimited Electricity Using Two Magnets And A Paperclip!,UNBELIEVABLE: Local Man Discovers Free Unlimited Electricity Using Two Magnets And A Paperclip! Article ID #159 claiming sensational facts without empirical verification or peer review. Click here to read more shocking evidence!,News,2026-01-01,1,FAKE
Global Summit Reaches Bilateral Accord - Official News,BERLIN — European aerospace consortium completed successful high-altitude test flights for hydrogen-powered zero-emission commercial flight prototypes. Reporting according to official press release #276. Verified by independent Reuters standards and institutional statements.,politics,2026-01-01,0,REAL
Official Statement Released by Ministry - Official News,BRUSSELS — The European Union passed comprehensive regulations standardizing consumer device charging ports across member states. Reporting according to official press release #48. Verified by independent Reuters standards and institutional statements.,politics,2026-01-01,0,REAL
Scientific Consensus Confirms Trial Results - Official News,"WASHINGTON — The Federal Reserve announced a quarter-point interest rate adjustment following its policy meeting, citing inflation trends and employment data. Reporting according to official press release #290. Verified by independent Reuters standards and institutional statements.",politics,2026-01-01,0,REAL
SECRET GOVERNMENT PROJECT EXPOSED: CONFIRMED: Eating Chocolate 10 Times A Day Reverses Aging Instantly According To Anonymous Unnamed Blogger!,CONFIRMED: Eating Chocolate 10 Times A Day Reverses Aging Instantly According To Anonymous Unnamed Blogger! Article ID #163 claiming sensational facts without empirical verification or peer review. Click here to read more shocking evidence!,News,2026-01-01,1,FAKE
MIRACLE CURE SPREADING FAST: SCANDAL: Secret Society Controls Global Weather Patterns Using Giant Microwaves In The Arctic Circle!,SCANDAL: Secret Society Controls Global Weather Patterns Using Giant Microwaves In The Arctic Circle! Article ID #6 claiming sensational facts without empirical verification or peer review. Click here to read more shocking evidence!,News,2026-01-01,1,FAKE
UNBELIEVABLE DISCOVERY CHANGES EVERYTHING: ALERT: Invisible Robots Are Monitoring Your Thoughts Through Standard Household Mirrors! Share Before Deleted!,ALERT: Invisible Robots Are Monitoring Your Thoughts Through Standard Household Mirrors! Share Before Deleted! Article ID #284 claiming sensational facts without empirical verification or peer review. Click here to read more shocking evidence!,News,2026-01-01,1,FAKE
University Study Validates Health Findings - Official News,TORONTO — Canadian research council announced major grant funding for renewable energy infrastructure and smart grid modernization projects. Reporting according to official press release #159. Verified by independent Reuters standards and institutional statements.,politics,2026-01-01,0,REAL
"LEAKED REPORT PROVES CONSPIRACY: EXCLUSIVE: Famous Celebrity Replaced By Hologram During Live Interview, Fans Notice Strange Glitch In Eyes!","EXCLUSIVE: Famous Celebrity Replaced By Hologram During Live Interview, Fans Notice Strange Glitch In Eyes! Article ID #225 claiming sensational facts without empirical verification or peer review. Click here to read more shocking evidence!",News,2026-01-01,1,FAKE
Economic Growth Indicators Show Stability - Official News,TORONTO — Canadian research council announced major grant funding for renewable energy infrastructure and smart grid modernization projects. Reporting according to official press release #129. Verified by independent Reuters standards and institutional statements.,politics,2026-01-01,0,REAL
Global Summit Reaches Bilateral Accord - Official News,TOKYO — Tech innovators unveiled a new semiconductor fabrication process designed to increase energy efficiency in data centers by twenty percent. Reporting according to official press release #292. Verified by independent Reuters standards and institutional statements.,politics,2026-01-01,0,REAL
SECRET GOVERNMENT PROJECT EXPOSED: CONFIRMED: Eating Chocolate 10 Times A Day Reverses Aging Instantly According To Anonymous Unnamed Blogger!,CONFIRMED: Eating Chocolate 10 Times A Day Reverses Aging Instantly According To Anonymous Unnamed Blogger! Article ID #203 claiming sensational facts without empirical verification or peer review. Click here to read more shocking evidence!,News,2026-01-01,1,FAKE
Scientific Consensus Confirms Trial Results - Official News,PARIS — Representatives from 40 nations assembled for the International Climate Summit to outline binding commitments for reducing industrial emissions over the next decade. Reporting according to official press release #274. Verified by independent Reuters standards and institutional statements.,politics,2026-01-01,0,REAL
SECRET GOVERNMENT PROJECT EXPOSED: MIRACLE REMEDY: Ancient Tree Bark Powder Banishes Stress And Makes You Fly In Your Sleep!,MIRACLE REMEDY: Ancient Tree Bark Powder Banishes Stress And Makes You Fly In Your Sleep! Article ID #27 claiming sensational facts without empirical verification or peer review. Click here to read more shocking evidence!,News,2026-01-01,1,FAKE
Economic Growth Indicators Show Stability - Official News,SYDNEY — Marine biologists documented significant coral regeneration across targeted sanctuary zones following intensive conservation management programs. Reporting according to official press release #217. Verified by independent Reuters standards and institutional statements.,politics,2026-01-01,0,REAL
MIRACLE CURE SPREADING FAST: WARNING: Microwave Ovens Are Sending Secret Signals To Deep Space Satellites Without User Knowledge!,WARNING: Microwave Ovens Are Sending Secret Signals To Deep Space Satellites Without User Knowledge! Article ID #238 claiming sensational facts without empirical verification or peer review. Click here to read more shocking evidence!,News,2026-01-01,1,FAKE
WARNING TO ALL CITIZENS: CONFIRMED: Eating Chocolate 10 Times A Day Reverses Aging Instantly According To Anonymous Unnamed Blogger!,CONFIRMED: Eating Chocolate 10 Times A Day Reverses Aging Instantly According To Anonymous Unnamed Blogger! Article ID #223 claiming sensational facts without empirical verification or peer review. Click here to read more shocking evidence!,News,2026-01-01,1,FAKE
"WARNING TO ALL CITIZENS: EXCLUSIVE: Famous Celebrity Replaced By Hologram During Live Interview, Fans Notice Strange Glitch In Eyes!","EXCLUSIVE: Famous Celebrity Replaced By Hologram During Live Interview, Fans Notice Strange Glitch In Eyes! Article ID #95 claiming sensational facts without empirical verification or peer review. Click here to read more shocking evidence!",News,2026-01-01,1,FAKE
MIRACLE CURE SPREADING FAST: BREAKING: Secret Alien Technology Discovered in Underground Bunker! Government Hiding The Truth From Citizens! Scientists Shocked!,BREAKING: Secret Alien Technology Discovered in Underground Bunker! Government Hiding The Truth From Citizens! Scientists Shocked! Article ID #30 claiming sensational facts without empirical verification or peer review. Click here to read more shocking evidence!,News,2026-01-01,1,FAKE
SHOCKING TRUTH REVEALED: LEAKED DOCUMENT: Billionaires Plan To Teleport Moon To Another Galaxy Next Month Using Quantum Magnetism!,LEAKED DOCUMENT: Billionaires Plan To Teleport Moon To Another Galaxy Next Month Using Quantum Magnetism! Article ID #32 claiming sensational facts without empirical verification or peer review. Click here to read more shocking evidence!,News,2026-01-01,1,FAKE
Global Summit Reaches Bilateral Accord - Official News,TOKYO — Tech innovators unveiled a new semiconductor fabrication process designed to increase energy efficiency in data centers by twenty percent. Reporting according to official press release #132. Verified by independent Reuters standards and institutional statements.,politics,2026-01-01,0,REAL
LEAKED REPORT PROVES CONSPIRACY: UNBELIEVABLE: Local Man Discovers Free Unlimited Electricity Using Two Magnets And A Paperclip!,UNBELIEVABLE: Local Man Discovers Free Unlimited Electricity Using Two Magnets And A Paperclip! Article ID #89 claiming sensational facts without empirical verification or peer review. Click here to read more shocking evidence!,News,2026-01-01,1,FAKE
Scientific Consensus Confirms Trial Results - Official News,BRUSSELS — The European Union passed comprehensive regulations standardizing consumer device charging ports across member states. Reporting according to official press release #258. Verified by independent Reuters standards and institutional statements.,politics,2026-01-01,0,REAL
SHOCKING TRUTH REVEALED: ALERT: Invisible Robots Are Monitoring Your Thoughts Through Standard Household Mirrors! Share Before Deleted!,ALERT: Invisible Robots Are Monitoring Your Thoughts Through Standard Household Mirrors! Share Before Deleted! Article ID #104 claiming sensational facts without empirical verification or peer review. Click here to read more shocking evidence!,News,2026-01-01,1,FAKE
MIRACLE CURE SPREADING FAST: LEAKED DOCUMENT: Billionaires Plan To Teleport Moon To Another Galaxy Next Month Using Quantum Magnetism!,LEAKED DOCUMENT: Billionaires Plan To Teleport Moon To Another Galaxy Next Month Using Quantum Magnetism! Article ID #142 claiming sensational facts without empirical verification or peer review. Click here to read more shocking evidence!,News,2026-01-01,1,FAKE
UNBELIEVABLE DISCOVERY CHANGES EVERYTHING: WARNING: Microwave Ovens Are Sending Secret Signals To Deep Space Satellites Without User Knowledge!,WARNING: Microwave Ovens Are Sending Secret Signals To Deep Space Satellites Without User Knowledge! Article ID #228 claiming sensational facts without empirical verification or peer review. Click here to read more shocking evidence!,News,2026-01-01,1,FAKE
DOCTORS HATE THIS SIMPLE TRICK: BREAKING: Secret Alien Technology Discovered in Underground Bunker! Government Hiding The Truth From Citizens! Scientists Shocked!,BREAKING: Secret Alien Technology Discovered in Underground Bunker! Government Hiding The Truth From Citizens! Scientists Shocked! Article ID #250 claiming sensational facts without empirical verification or peer review. Click here to read more shocking evidence!,News,2026-01-01,1,FAKE
"LEAKED REPORT PROVES CONSPIRACY: SHOCKING: Drinking Lemon Juice Mixed With Miracle Powder Cures All Incurable Diseases Overnight, Doctors Don't Want You To Know!","SHOCKING: Drinking Lemon Juice Mixed With Miracle Powder Cures All Incurable Diseases Overnight, Doctors Don't Want You To Know! Article ID #281 claiming sensational facts without empirical verification or peer review. Click here to read more shocking evidence!",News,2026-01-01,1,FAKE
"LEAKED REPORT PROVES CONSPIRACY: EXCLUSIVE: Famous Celebrity Replaced By Hologram During Live Interview, Fans Notice Strange Glitch In Eyes!","EXCLUSIVE: Famous Celebrity Replaced By Hologram During Live Interview, Fans Notice Strange Glitch In Eyes! Article ID #25 claiming sensational facts without empirical verification or peer review. Click here to read more shocking evidence!",News,2026-01-01,1,FAKE
DOCTORS HATE THIS SIMPLE TRICK: ALERT: Invisible Robots Are Monitoring Your Thoughts Through Standard Household Mirrors! Share Before Deleted!,ALERT: Invisible Robots Are Monitoring Your Thoughts Through Standard Household Mirrors! Share Before Deleted! Article ID #114 claiming sensational facts without empirical verification or peer review. Click here to read more shocking evidence!,News,2026-01-01,1,FAKE
