title,text,subject,date,label,target
Official Statement Released by Ministry - Official News,"WASHINGTON — The Federal Reserve announced a quarter-point interest rate adjustment following its policy meeting, citing inflation trends and employment data. Reporting according to official press release #0. Verified by independent Reuters standards and institutional statements.",politics,2026-01-01,0,REAL
Economic Growth Indicators Show Stability - Official News,GENEVA — The World Health Organization released updated global health guidelines recommending balanced diets and regular physical activity to reduce cardiovascular risks. Reporting according to official press release #1. Verified by independent Reuters standards and institutional statements.,politics,2026-01-01,0,REAL
Scientific Consensus Confirms Trial Results - Official News,TOKYO — Tech innovators unveiled a new semiconductor fabrication process designed to increase energy efficiency in data centers by twenty percent. Reporting according to official press release #2. Verified by independent Reuters standards and institutional statements.,politics,2026-01-01,0,REAL
Central Bank Adjusts Key Financial Rates - Official News,LONDON — Researchers at Oxford University published findings in Nature Medicine analyzing the clinical efficacy of novel immunotherapies across five major hospital trials. Reporting according to official press release #3. Verified by independent Reuters standards and institutional statements.,politics,2026-01-01,0,REAL
Global Summit Reaches Bilateral Accord - Official News,PARIS — Representatives from 40 nations assembled for the International Climate Summit to outline binding commitments for reducing industrial emissions over the next decade. Reporting according to official press release #4. Verified by independent Reuters standards and institutional statements.,politics,2026-01-01,0,REAL
Tech Firm Announces Quarterly Revenue Growth - Official News,NEW YORK — Wall Street indexes closed moderately higher as earnings reports from major manufacturing and technology firms exceeded consensus analyst estimates. Reporting according to official press release #5. Verified by independent Reuters standards and institutional statements.,politics,2026-01-01,0,REAL
Environmental Protection Board Publishes Report - Official News,BERLIN — European aerospace consortium completed successful high-altitude test flights for hydrogen-powered zero-emission commercial flight prototypes. Reporting according to official press release #6. Verified by independent Reuters standards and institutional statements.,politics,2026-01-01,0,REAL
University Study Validates Health Findings - Official News,SYDNEY — Marine biologists documented significant coral regeneration across targeted sanctuary zones following intensive conservation management programs. Reporting according to official press release #7. Verified by independent Reuters standards and institutional statements.,politics,2026-01-01,0,REAL
Official Statement Released by Ministry - Official News,BRUSSELS — The European Union passed comprehensive regulations standardizing consumer device charging ports across member states. Reporting according to official press release #8. Verified by independent Reuters standards and institutional statements.,politics,2026-01-01,0,REAL
Economic Growth Indicators Show Stability - Official News,TORONTO — Canadian research council announced major grant funding for renewable energy infrastructure and smart grid modernization projects. Reporting according to official press release #9. Verified by independent Reuters standards and institutional statements.,politics,2026-01-01,0,REAL
Scientific Consensus Confirms Trial Results - Official News,"WASHINGTON — The Federal Reserve announced a quarter-point interest rate adjustment following its policy meeting, citing inflation trends and employment data. Reporting according to official press release #10. Verified by independent Reuters standards and institutional statements.",politics,2026-01-01,0,REAL
Central Bank Adjusts Key Financial Rates - Official News,GENEVA — The World Health Organization released updated global health guidelines recommending balanced diets and regular physical activity to reduce cardiovascular risks. Reporting according to official press release #11. Verified by independent Reuters standards and institutional statements.,politics,2026-01-01,0,REAL
Global Summit Reaches Bilateral Accord - Official News,TOKYO — Tech innovators unveiled a new semiconductor fabrication process designed to increase energy efficiency in data centers by twenty percent. Reporting according to official press release #12. Verified by independent Reuters standards and institutional statements.,politics,2026-01-01,0,REAL
Tech Firm Announces Quarterly Revenue Growth - Official News,LONDON — Researchers at Oxford University published findings in Nature Medicine analyzing the clinical efficacy of novel immunotherapies across five major hospital trials. Reporting according to official press release #13. Verified by independent Reuters standards and institutional statements.,politics,2026-01-01,0,REAL
Environmental Protection Board Publishes Report - Official News,PARIS — Representatives from 40 nations assembled for the International Climate Summit to outline binding commitments for reducing industrial emissions over the next decade. Reporting according to official press release #14. Verified by independent Reuters standards and institutional statements.,politics,2026-01-01,0,REAL
University Study Validates Health Findings - Official News,NEW YORK — Wall Street indexes closed moderately higher as earnings reports from major manufacturing and technology firms exceeded consensus analyst estimates. Reporting according to official press release #15. Verified by independent Reuters standards and institutional statements.,politics,2026-01-01,0,REAL
Official Statement Released by Ministry - Official News,BERLIN — European aerospace consortium completed successful high-altitude test flights for hydrogen-powered zero-emission commercial flight prototypes. Reporting according to official press release #16. Verified by independent Reuters standards and institutional statements.,politics,2026-01-01,0,REAL
Economic Growth Indicators Show Stability - Official News,SYDNEY — Marine biologists documented significant coral regeneration across targeted sanctuary zones following intensive conservation management programs. Reporting according to official press release #17. Verified by independent Reuters standards and institutional statements.,politics,2026-01-01,0,REAL
Scientific Consensus Confirms Trial Results - Official News,BRUSSELS — The European Union passed comprehensive regulations standardizing consumer device charging ports across member states. Reporting according to official press release #18. Verified by independent Reuters standards and institutional statements.,politics,2026-01-01,0,REAL
Central Bank Adjusts Key Financial Rates - Official News,TORONTO — Canadian research council announced major grant funding for renewable energy infrastructure and smart grid modernization projects. Reporting according to official press release #19. Verified by independent Reuters standards and institutional statements.,politics,2026-01-01,0,REAL
Global Summit Reaches Bilateral Accord - Official News,"WASHINGTON — The Federal Reserve announced a quarter-point interest rate adjustment following its policy meeting, citing inflation trends and employment data. Reporting according to official press release #20. Verified by independent Reuters standards and institutional statements.",politics,2026-01-01,0,REAL
Tech Firm Announces Quarterly Revenue Growth - Official News,GENEVA — The World Health Organization released updated global health guidelines recommending balanced diets and regular physical activity to reduce cardiovascular risks. Reporting according to official press release #21. Verified by independent Reuters standards and institutional statements.,politics,2026-01-01,0,REAL
Environmental Protection Board Publishes Report - Official News,TOKYO — Tech innovators unveiled a new semiconductor fabrication process designed to increase energy efficiency in data centers by twenty percent. Reporting according to official press release #22. Verified by independent Reuters standards and institutional statements.,politics,2026-01-01,0,REAL
University Study Validates Health Findings - Official News,LONDON — Researchers at Oxford University published findings in Nature Medicine analyzing the clinical efficacy of novel immunotherapies across five major hospital trials. Reporting according to official press release #23. Verified by independent Reuters standards and institutional statements.,politics,2026-01-01,0,REAL
Official Statement Released by Ministry - Official News,PARIS — Representatives from 40 nations assembled for the International Climate Summit to outline binding commitments for reducing industrial emissions over the next decade. Reporting according to official press release #24. Verified by independent Reuters standards and institutional statements.,politics,2026-01-01,0,REAL
Economic Growth Indicators Show Stability - Official News,NEW YORK — Wall Street indexes closed moderately higher as earnings reports from major manufacturing and technology firms exceeded consensus analyst estimates. Reporting according to official press release #25. Verified by independent Reuters standards and institutional statements.,politics,2026-01-01,0,REAL
Scientific Consensus Confirms Trial Results - Official News,BERLIN — European aerospace consortium completed successful high-altitude test flights for hydrogen-powered zero-emission commercial flight prototypes. Reporting according to official press release #26. Verified by independent Reuters standards and institutional statements.,politics,2026-01-01,0,REAL
Central Bank Adjusts Key Financial Rates - Official News,SYDNEY — Marine biologists documented significant coral regeneration across targeted sanctuary zones following intensive conservation management programs. Reporting according to official press release #27. Verified by independent Reuters standards and institutional statements.,politics,2026-01-01,0,REAL
Global Summit Reaches Bilateral Accord - Official News,BRUSSELS — The European Union passed comprehensive regulations standardizing consumer device charging ports across member states. Reporting according to official press release #28. Verified by independent Reuters standards and institutional statements.,politics,2026-01-01,0,REAL
Tech Firm Announces Quarterly Revenue Growth - Official News,TORONTO — Canadian research council announced major grant funding for renewable energy infrastructure and smart grid modernization projects. Reporting according to official press release #29. Verified by independent Reuters standards and institutional statements.,politics,2026-01-01,0,REAL
Environmental Protection Board Publishes Report - Official News,"WASHINGTON — The Federal Reserve announced a quarter-point interest rate adjustment following its policy meeting, citing inflation trends and employment data. Reporting according to official press release #30. Verified by independent Reuters standards and institutional statements.",politics,2026-01-01,0,REAL
University Study Validates Health Findings - Official News,GENEVA — The World Health Organization released updated global health guidelines recommending balanced diets and regular physical activity to reduce cardiovascular risks. Reporting according to official press release #31. Verified by independent Reuters standards and institutional statements.,politics,2026-01-01,0,REAL
Official Statement Released by Ministry - Official News,TOKYO — Tech innovators unveiled a new semiconductor fabrication process designed to increase energy efficiency in data centers by twenty percent. Reporting according to official press release #32. Verified by independent Reuters standards and institutional statements.,politics,2026-01-01,0,REAL
Economic Growth Indicators Show Stability - Official News,LONDON — Researchers at Oxford University published findings in Nature Medicine analyzing the clinical efficacy of novel immunotherapies across five major hospital trials. Reporting according to official press release #33. Verified by independent Reuters standards and institutional statements.,politics,2026-01-01,0,REAL
Scientific Consensus Confirms Trial Results - Official News,PARIS — Representatives from 40 nations assembled for the International Climate Summit to outline binding commitments for reducing industrial emissions over the next decade. Reporting according to official press release #34. Verified by independent Reuters standards and institutional statements.,politics,2026-01-01,0,REAL
Central Bank Adjusts Key Financial Rates - Official News,NEW YORK — Wall Street indexes closed moderately higher as earnings reports from major manufacturing and technology firms exceeded consensus analyst estimates. Reporting according to official press release #35. Verified by independent Reuters standards and institutional statements.,politics,2026-01-01,0,REAL
Global Summit Reaches Bilateral Accord - Official News,BERLIN — European aerospace consortium completed successful high-altitude test flights for hydrogen-powered zero-emission commercial flight prototypes. Reporting according to official press release #36. Verified by independent Reuters standards and institutional statements.,politics,2026-01-01,0,REAL
Tech Firm Announces Quarterly Revenue Growth - Official News,SYDNEY — Marine biologists documented significant coral regeneration across targeted sanctuary zones following intensive conservation management programs. Reporting according to official press release #37. Verified by independent Reuters standards and institutional statements.,politics,2026-01-01,0,REAL
Environmental Protection Board Publishes Report - Official News,BRUSSELS — The European Union passed comprehensive regulations standardizing consumer device charging ports across member states. Reporting according to official press release #38. Verified by independent Reuters standards and institutional statements.,politics,2026-01-01,0,REAL
University Study Validates Health Findings - Official News,TORONTO — Canadian research council announced major grant funding for renewable energy infrastructure and smart grid modernization projects. Reporting according to official press release #39. Verified by independent Reuters standards and institutional statements.,politics,2026-01-01,0,REAL
Official Statement Released by Ministry - Official News,"WASHINGTON — The Federal Reserve announced a quarter-point interest rate adjustment following its policy meeting, citing inflation trends and employment data. Reporting according to official press release #40. Verified by independent Reuters standards and institutional statements.",politics,2026-01-01,0,REAL
Economic Growth Indicators Show Stability - Official News,GENEVA — The World Health Organization released updated global health guidelines recommending balanced diets and regular physical activity to reduce cardiovascular risks. Reporting according to official press release #41. Verified by independent Reuters standards and institutional statements.,politics,2026-01-01,0,REAL
Scientific Consensus Confirms Trial Results - Official News,TOKYO — Tech innovators unveiled a new semiconductor fabrication process designed to increase energy efficiency in data centers by twenty percent. Reporting according to official press release #42. Verified by independent Reuters standards and institutional statements.,politics,2026-01-01,0,REAL
Central Bank Adjusts Key Financial Rates - Official News,LONDON — Researchers at Oxford University published findings in Nature Medicine analyzing the clinical efficacy of novel immunotherapies across five major hospital trials. Reporting according to official press release #43. Verified by independent Reuters standards and institutional statements.,politics,2026-01-01,0,REAL
Global Summit Reaches Bilateral Accord - Official News,PARIS — Representatives from 40 nations assembled for the International Climate Summit to outline binding commitments for reducing industrial emissions over the next decade. Reporting according to official press release #44. Verified by independent Reuters standards and institutional statements.,politics,2026-01-01,0,REAL
Tech Firm Announces Quarterly Revenue Growth - Official News,NEW YORK — Wall Street indexes closed moderately higher as earnings reports from major manufacturing and technology firms exceeded consensus analyst estimates. Reporting according to official press release #45. Verified by independent Reuters standards and institutional statements.,politics,2026-01-01,0,REAL
Environmental Protection Board Publishes Report - Official News,BERLIN — European aerospace consortium completed successful high-altitude test flights for hydrogen-powered zero-emission commercial flight prototypes. Reporting according to official press release #46. Verified by independent Reuters standards and institutional statements.,politics,2026-01-01,0,REAL
University Study Validates Health Findings - Official News,SYDNEY — Marine biologists documented significant coral regeneration across targeted sanctuary zones following intensive conservation management programs. Reporting according to official press release #47. Verified by independent Reuters standards and institutional statements.,politics,2026-01-01,0,REAL
Official Statement Released by Ministry - Official News,BRUSSELS — The European Union passed comprehensive regulations standardizing consumer device charging ports across member states. Reporting according to official press release #48. Verified by independent Reuters standards and institutional statements.,politics,2026-01-01,0,REAL
Economic Growth Indicators Show Stability - Official News,TORONTO — Canadian research council announced major grant funding for renewable energy infrastructure and smart grid modernization projects. Reporting according to official press release #49. Verified by independent Reuters standards and institutional statements.,politics,2026-01-01,0,REAL
Scientific Consensus Confirms Trial Results - Official News,"WASHINGTON — The Federal Reserve announced a quarter-point interest rate adjustment following its policy meeting, citing inflation trends and employment data. Reporting according to official press release #50. Verified by independent Reuters standards and institutional statements.",politics,2026-01-01,0,REAL
Central Bank Adjusts Key Financial Rates - Official News,GENEVA — The World Health Organization released updated global health guidelines recommending balanced diets and regular physical activity to reduce cardiovascular risks. Reporting according to official press release #51. Verified by independent Reuters standards and institutional statements.,politics,2026-01-01,0,REAL
Global Summit Reaches Bilateral Accord - Official News,TOKYO — Tech innovators unveiled a new semiconductor fabrication process designed to increase energy efficiency in data centers by twenty percent. Reporting according to official press release #52. Verified by independent Reuters standards and institutional statements.,politics,2026-01-01,0,REAL
Tech Firm Announces Quarterly Revenue Growth - Official News,LONDON — Researchers at Oxford University published findings in Nature Medicine analyzing the clinical efficacy of novel immunotherapies across five major hospital trials. Reporting according to official press release #53. Verified by independent Reuters standards and institutional statements.,politics,2026-01-01,0,REAL
Environmental Protection Board Publishes Report - Official News,PARIS — Representatives from 40 nations assembled for the International Climate Summit to outline binding commitments for reducing industrial emissions over the next decade. Reporting according to official press release #54. Verified by independent Reuters standards and institutional statements.,politics,2026-01-01,0,REAL
University Study Validates Health Findings - Official News,NEW YORK — Wall Street indexes closed moderately higher as earnings reports from major manufacturing and technology firms exceeded consensus analyst estimates. Reporting according to official press release #55. Verified by independent Reuters standards and institutional statements.,politics,2026-01-01,0,REAL
Official Statement Released by Ministry - Official News,BERLIN — European aerospace consortium completed successful high-altitude test flights for hydrogen-powered zero-emission commercial flight prototypes. Reporting according to official press release #56. Verified by independent Reuters standards and institutional statements.,politics,2026-01-01,0,REAL
Economic Growth Indicators Show Stability - Official News,SYDNEY — Marine biologists documented significant coral regeneration across targeted sanctuary zones following intensive conservation management programs. Reporting according to official press release #57. Verified by independent Reuters standards and institutional statements.,politics,2026-01-01,0,REAL
Scientific Consensus Confirms Trial Results - Official News,BRUSSELS — The European Union passed comprehensive regulations standardizing consumer device charging ports across member states. Reporting according to official press release #58. Verified by independent Reuters standards and institutional statements.,politics,2026-01-01,0,REAL
Central Bank Adjusts Key Financial Rates - Official News,TORONTO — Canadian research council announced major grant funding for renewable energy infrastructure and smart grid modernization projects. Reporting according to official press release #59. Verified by independent Reuters standards and institutional statements.,politics,2026-01-01,0,REAL
Global Summit Reaches Bilateral Accord - Official News,"WASHINGTON — The Federal Reserve announced a quarter-point interest rate adjustment following its policy meeting, citing inflation trends and employment data. Reporting according to official press release #60. Verified by independent Reuters standards and institutional statements.",politics,2026-01-01,0,REAL
Tech Firm Announces Quarterly Revenue Growth - Official News,GENEVA — The World Health Organization released updated global health guidelines recommending balanced diets and regular physical activity to reduce cardiovascular risks. Reporting according to official press release #61. Verified by independent Reuters standards and institutional statements.,politics,2026-01-01,0,REAL
Environmental Protection Board Publishes Report - Official News,TOKYO — Tech innovators unveiled a new semiconductor fabrication process designed to increase energy efficiency in data centers by twenty percent. Reporting according to official press release #62. Verified by independent Reuters standards and institutional statements.,politics,2026-01-01,0,REAL
University Study Validates Health Findings - Official News,LONDON — Researchers at Oxford University published findings in Nature Medicine analyzing the clinical efficacy of novel immunotherapies across five major hospital trials. Reporting according to official press release #63. Verified by independent Reuters standards and institutional statements.,politics,2026-01-01,0,REAL
Official Statement Released by Ministry - Official News,PARIS — Representatives from 40 nations assembled for the International Climate Summit to outline binding commitments for reducing industrial emissions over the next decade. Reporting according to official press release #64. Verified by independent Reuters standards and institutional statements.,politics,2026-01-01,0,REAL
Economic Growth Indicators Show Stability - Official News,NEW YORK — Wall Street indexes closed moderately higher as earnings reports from major manufacturing and technology firms exceeded consensus analyst estimates. Reporting according to official press release #65. Verified by independent Reuters standards and institutional statements.,politics,2026-01-01,0,REAL
Scientific Consensus Confirms Trial Results - Official News,BERLIN — European aerospace consortium completed successful high-altitude test flights for hydrogen-powered zero-emission commercial flight prototypes. Reporting according to official press release #66. Verified by independent Reuters standards and institutional statements.,politics,2026-01-01,0,REAL
Central Bank Adjusts Key Financial Rates - Official News,SYDNEY — Marine biologists documented significant coral regeneration across targeted sanctuary zones following intensive conservation management programs. Reporting according to official press release #67. Verified by independent Reuters standards and institutional statements.,politics,2026-01-01,0,REAL
Global Summit Reaches Bilateral Accord - Official News,BRUSSELS — The European Union passed comprehensive regulations standardizing consumer device charging ports across member states. Reporting according to official press release #68. Verified by independent Reuters standards and institutional statements.,politics,2026-01-01,0,REAL
Tech Firm Announces Quarterly Revenue Growth - Official News,TORONTO — Canadian research council announced major grant funding for renewable energy infrastructure and smart grid modernization projects. Reporting according to official press release #69. Verified by independent Reuters standards and institutional statements.,politics,2026-01-01,0,REAL
Environmental Protection Board Publishes Report - Official News,"WASHINGTON — The Federal Reserve announced a quarter-point interest rate adjustment following its policy meeting, citing inflation trends and employment data. Reporting according to official press release #70. Verified by independent Reuters standards and institutional statements.",politics,2026-01-01,0,REAL
University Study Validates Health Findings - Official News,GENEVA — The World Health Organization released updated global health guidelines recommending balanced diets and regular physical activity to reduce cardiovascular risks. Reporting according to official press release #71. Verified by independent Reuters standards and institutional statements.,politics,2026-01-01,0,REAL
Official Statement Released by Ministry - Official News,TOKYO — Tech innovators unveiled a new semiconductor fabrication process designed to increase energy efficiency in data centers by twenty percent. Reporting according to official press release #72. Verified by independent Reuters standards and institutional statements.,politics,2026-01-01,0,REAL
Economic Growth Indicators Show Stability - Official News,LONDON — Researchers at Oxford University published findings in Nature Medicine analyzing the clinical efficacy of novel immunotherapies across five major hospital trials. Reporting according to official press release #73. Verified by independent Reuters standards and institutional statements.,politics,2026-01-01,0,REAL
Scientific Consensus Confirms Trial Results - Official News,PARIS — Representatives from 40 nations assembled for the International Climate Summit to outline binding commitments for reducing industrial emissions over the next decade. Reporting according to official press release #74. Verified by independent Reuters standards and institutional statements.,politics,2026-01-01,0,REAL
Central Bank Adjusts Key Financial Rates - Official News,NEW YORK — Wall Street indexes closed moderately higher as earnings reports from major manufacturing and technology firms exceeded consensus analyst estimates. Reporting according to official press release #75. Verified by independent Reuters standards and institutional statements.,politics,2026-01-01,0,REAL
Global Summit Reaches Bilateral Accord - Official News,BERLIN — European aerospace consortium completed successful high-altitude test flights for hydrogen-powered zero-emission commercial flight prototypes. Reporting according to official press release #76. Verified by independent Reuters standards and institutional statements.,politics,2026-01-01,0,REAL
Tech Firm Announces Quarterly Revenue Growth - Official News,SYDNEY — Marine biologists documented significant coral regeneration across targeted sanctuary zones following intensive conservation management programs. Reporting according to official press release #77. Verified by independent Reuters standards and institutional statements.,politics,2026-01-01,0,REAL
Environmental Protection Board Publishes Report - Official News,BRUSSELS — The European Union passed comprehensive regulations standardizing consumer device charging ports across member states. Reporting according to official press release #78. Verified by independent Reuters standards and institutional statements.,politics,2026-01-01,0,REAL
University Study Validates Health Findings - Official News,TORONTO — Canadian research council announced major grant funding for renewable energy infrastructure and smart grid modernization projects. Reporting according to official press release #79. Verified by independent Reuters standards and institutional statements.,politics,2026-01-01,0,REAL
Official Statement Released by Ministry - Official News,"WASHINGTON — The Federal Reserve announced a quarter-point interest rate adjustment following its policy meeting, citing inflation trends and employment data. Reporting according to official press release #80. Verified by independent Reuters standards and institutional statements.",politics,2026-01-01,0,REAL
Economic Growth Indicators Show Stability - Official News,GENEVA — The World Health Organization released updated global health guidelines recommending balanced diets and regular physical activity to reduce cardiovascular risks. Reporting according to official press release #81. Verified by independent Reuters standards and institutional statements.,politics,2026-01-01,0,REAL
Scientific Consensus Confirms Trial Results - Official News,TOKYO — Tech innovators unveiled a new semiconductor fabrication process designed to increase energy efficiency in data centers by twenty percent. Reporting according to official press release #82. Verified by independent Reuters standards and institutional statements.,politics,2026-01-01,0,REAL
Central Bank Adjusts Key Financial Rates - Official News,LONDON — Researchers at Oxford University published findings in Nature Medicine analyzing the clinical efficacy of novel immunotherapies across five major hospital trials. Reporting according to official press release #83. Verified by independent Reuters standards and institutional statements.,politics,2026-01-01,0,REAL
Global Summit Reaches Bilateral Accord - Official News,PARIS — Representatives from 40 nations assembled for the International Climate Summit to outline binding commitments for reducing industrial emissions over the next decade. Reporting according to official press release #84. Verified by independent Reuters standards and institutional statements.,politics,2026-01-01,0,REAL
Tech Firm Announces Quarterly Revenue Growth - Official News,NEW YORK — Wall Street indexes closed moderately higher as earnings reports from major manufacturing and technology firms exceeded consensus analyst estimates. Reporting according to official press release #85. Verified by independent Reuters standards and institutional statements.,politics,2026-01-01,0,REAL
Environmental Protection Board Publishes Report - Official News,BERLIN — European aerospace consortium completed successful high-altitude test flights for hydrogen-powered zero-emission commercial flight prototypes. Reporting according to official press release #86. Verified by independent Reuters standards and institutional statements.,politics,2026-01-01,0,REAL
University Study Validates Health Findings - Official News,SYDNEY — Marine biologists documented significant coral regeneration across targeted sanctuary zones following intensive conservation management programs. Reporting according to official press release #87. Verified by independent Reuters standards and institutional statements.,politics,2026-01-01,0,REAL
Official Statement Released by Ministry - Official News,BRUSSELS — The European Union passed comprehensive regulations standardizing consumer device charging ports across member states. Reporting according to official press release #88. Verified by independent Reuters standards and institutional statements.,politics,2026-01-01,0,REAL
Economic Growth Indicators Show Stability - Official News,TORONTO — Canadian research council announced major grant funding for renewable energy infrastructure and smart grid modernization projects. Reporting according to official press release #89. Verified by independent Reuters standards and institutional statements.,politics,2026-01-01,0,REAL
Scientific Consensus Confirms Trial Results - Official News,"WASHINGTON — The Federal Reserve announced a quarter-point interest rate adjustment following its policy meeting, citing inflation trends and employment data. Reporting according to official press release #90. Verified by independent Reuters standards and institutional statements.",politics,2026-01-01,0,REAL
Central Bank Adjusts Key Financial Rates - Official News,GENEVA — The World Health Organization released updated global health guidelines recommending balanced diets and regular physical activity to reduce cardiovascular risks. Reporting according to official press release #91. Verified by independent Reuters standards and institutional statements.,politics,2026-01-01,0,REAL
Global Summit Reaches Bilateral Accord - Official News,TOKYO — Tech innovators unveiled a new semiconductor fabrication process designed to increase energy efficiency in data centers by twenty percent. Reporting according to official press release #92. Verified by independent Reuters standards and institutional statements.,politics,2026-01-01,0,REAL
Tech Firm Announces Quarterly Revenue Growth - Official News,LONDON — Researchers at Oxford University published findings in Nature Medicine analyzing the clinical efficacy of novel immunotherapies across five major hospital trials. Reporting according to official press release #93. Verified by independent Reuters standards and institutional statements.,politics,2026-01-01,0,REAL
Environmental Protection Board Publishes Report - Official News,PARIS — Representatives from 40 nations assembled for the International Climate Summit to outline binding commitments for reducing industrial emissions over the next decade. Reporting according to official press release #94. Verified by independent Reuters standards and institutional statements.,politics,2026-01-01,0,REAL
University Study Validates Health Findings - Official News,NEW YORK — Wall Street indexes closed moderately higher as earnings reports from major manufacturing and technology firms exceeded consensus analyst estimates. Reporting according to official press release #95. Verified by independent Reuters standards and institutional statements.,politics,2026-01-01,0,REAL
Official Statement Released by Ministry - Official News,BERLIN — European aerospace consortium completed successful high-altitude test flights for hydrogen-powered zero-emission commercial flight prototypes. Reporting according to official press release #96. Verified by independent Reuters standards and institutional statements.,politics,2026-01-01,0,REAL
Economic Growth Indicators Show Stability - Official News,SYDNEY — Marine biologists documented significant coral regeneration across targeted sanctuary zones following intensive conservation management programs. Reporting according to official press release #97. Verified by independent Reuters standards and institutional statements.,politics,2026-01-01,0,REAL
Scientific Consensus Confirms Trial Results - Official News,BRUSSELS — The European Union passed comprehensive regulations standardizing consumer device charging ports across member states. Reporting according to official press release #98. Verified by independent Reuters standards and institutional statements.,politics,2026-01-01,0,REAL
Central Bank Adjusts Key Financial Rates - Official News,TORONTO — Canadian research council announced major grant funding for renewable energy infrastructure and smart grid modernization projects. Reporting according to official press release #99. Verified by independent Reuters standards and institutional statements.,politics,2026-01-01,0,REAL
Global Summit Reaches Bilateral Accord - Official News,"WASHINGTON — The Federal Reserve announced a quarter-point interest rate adjustment following its policy meeting, citing inflation trends and employment data. Reporting according to official press release #100. Verified by independent Reuters standards and institutional statements.",politics,2026-01-01,0,REAL
Tech Firm Announces Quarterly Revenue Growth - Official News,GENEVA — The World Health Organization released updated global health guidelines recommending balanced diets and regular physical activity to reduce cardiovascular risks. Reporting according to official press release #101. Verified by independent Reuters standards and institutional statements.,politics,2026-01-01,0,REAL
Environmental Protection Board Publishes Report - Official News,TOKYO — Tech innovators unveiled a new semiconductor fabrication process designed to increase energy efficiency in data centers by twenty percent. Reporting according to official press release #102. Verified by independent Reuters standards and institutional statements.,politics,2026-01-01,0,REAL
University Study Validates Health Findings - Official News,LONDON — Researchers at Oxford University published findings in Nature Medicine analyzing the clinical efficacy of novel immunotherapies across five major hospital trials. Reporting according to official press release #103. Verified by independent Reuters standards and institutional statements.,politics,2026-01-01,0,REAL
Official Statement Released by Ministry - Official News,PARIS — Representatives from 40 nations assembled for the International Climate Summit to outline binding commitments for reducing industrial emissions over the next decade. Reporting according to official press release #104. Verified by independent Reuters standards and institutional statements.,politics,2026-01-01,0,REAL
Economic Growth Indicators Show Stability - Official News,NEW YORK — Wall Street indexes closed moderately higher as earnings reports from major manufacturing and technology firms exceeded consensus analyst estimates. Reporting according to official press release #105. Verified by independent Reuters standards and institutional statements.,politics,2026-01-01,0,REAL
Scientific Consensus Confirms Trial Results - Official News,BERLIN — European aerospace consortium completed successful high-altitude test flights for hydrogen-powered zero-emission commercial flight prototypes. Reporting according to official press release #106. Verified by independent Reuters standards and institutional statements.,politics,2026-01-01,0,REAL
Central Bank Adjusts Key Financial Rates - Official News,SYDNEY — Marine biologists documented significant coral regeneration across targeted sanctuary zones following intensive conservation management programs. Reporting according to official press release #107. Verified by independent Reuters standards and institutional statements.,politics,2026-01-01,0,REAL
Global Summit Reaches Bilateral Accord - Official News,BRUSSELS — The European Union passed comprehensive regulations standardizing consumer device charging ports across member states. Reporting according to official press release #108. Verified by independent Reuters standards and institutional statements.,politics,2026-01-01,0,REAL
Tech Firm Announces Quarterly Revenue Growth - Official News,TORONTO — Canadian research council announced major grant funding for renewable energy infrastructure and smart grid modernization projects. Reporting according to official press release #109. Verified by independent Reuters standards and institutional statements.,politics,2026-01-01,0,REAL
Environmental Protection Board Publishes Report - Official News,"WASHINGTON — The Federal Reserve announced a quarter-point interest rate adjustment following its policy meeting, citing inflation trends and employment data. Reporting according to official press release #110. Verified by independent Reuters standards and institutional statements.",politics,2026-01-01,0,REAL
University Study Validates Health Findings - Official News,GENEVA — The World Health Organization released updated global health guidelines recommending balanced diets and regular physical activity to reduce cardiovascular risks. Reporting according to official press release #111. Verified by independent Reuters standards and institutional statements.,politics,2026-01-01,0,REAL
Official Statement Released by Ministry - Official News,TOKYO — Tech innovators unveiled a new semiconductor fabrication process designed to increase energy efficiency in data centers by twenty percent. Reporting according to official press release #112. Verified by independent Reuters standards and institutional statements.,politics,2026-01-01,0,REAL
Economic Growth Indicators Show Stability - Official News,LONDON — Researchers at Oxford University published findings in Nature Medicine analyzing the clinical efficacy of novel immunotherapies across five major hospital trials. Reporting according to official press release #113. Verified by independent Reuters standards and institutional statements.,politics,2026-01-01,0,REAL
Scientific Consensus Confirms Trial Results - Official News,PARIS — Representatives from 40 nations assembled for the International Climate Summit to outline binding commitments for reducing industrial emissions over the next decade. Reporting according to official press release #114. Verified by independent Reuters standards and institutional statements.,politics,2026-01-01,0,REAL
Central Bank Adjusts Key Financial Rates - Official News,NEW YORK — Wall Street indexes closed moderately higher as earnings reports from major manufacturing and technology firms exceeded consensus analyst estimates. Reporting according to official press release #115. Verified by independent Reuters standards and institutional statements.,politics,2026-01-01,0,REAL
Global Summit Reaches Bilateral Accord - Official News,BERLIN — European aerospace consortium completed successful high-altitude test flights for hydrogen-powered zero-emission commercial flight prototypes. Reporting according to official press release #116. Verified by independent Reuters standards and institutional statements.,politics,2026-01-01,0,REAL
Tech Firm Announces Quarterly Revenue Growth - Official News,SYDNEY — Marine biologists documented significant coral regeneration across targeted sanctuary zones following intensive conservation management programs. Reporting according to official press release #117. Verified by independent Reuters standards and institutional statements.,politics,2026-01-01,0,REAL
Environmental Protection Board Publishes Report - Official News,BRUSSELS — The European Union passed comprehensive regulations standardizing consumer device charging ports across member states. Reporting according to official press release #118. Verified by independent Reuters standards and institutional statements.,politics,2026-01-01,0,REAL
University Study Validates Health Findings - Official News,TORONTO — Canadian research council announced major grant funding for renewable energy infrastructure and smart grid modernization projects. Reporting according to official press release #119. Verified by independent Reuters standards and institutional statements.,politics,2026-01-01,0,REAL
Official Statement Released by Ministry - Official News,"WASHINGTON — The Federal Reserve announced a quarter-point interest rate adjustment following its policy meeting, citing inflation trends and employment data. Reporting according to official press release #120. Verified by independent Reuters standards and institutional statements.",politics,2026-01-01,0,REAL
Economic Growth Indicators Show Stability - Official News,GENEVA — The World Health Organization released updated global health guidelines recommending balanced diets and regular physical activity to reduce cardiovascular risks. Reporting according to official press release #121. Verified by independent Reuters standards and institutional statements.,politics,2026-01-01,0,REAL
Scientific Consensus Confirms Trial Results - Official News,TOKYO — Tech innovators unveiled a new semiconductor fabrication process designed to increase energy efficiency in data centers by twenty percent. Reporting according to official press release #122. Verified by independent Reuters standards and institutional statements.,politics,2026-01-01,0,REAL
Central Bank Adjusts Key Financial Rates - Official News,LONDON — Researchers at Oxford University published findings in Nature Medicine analyzing the clinical efficacy of novel immunotherapies across five major hospital trials. Reporting according to official press release #123. Verified by independent Reuters standards and institutional statements.,politics,2026-01-01,0,REAL
Global Summit Reaches Bilateral Accord - Official News,PARIS — Representatives from 40 nations assembled for the International Climate Summit to outline binding commitments for reducing industrial emissions over the next decade. Reporting according to official press release #124. Verified by independent Reuters standards and institutional statements.,politics,2026-01-01,0,REAL
Tech Firm Announces Quarterly Revenue Growth - Official News,NEW YORK — Wall Street indexes closed moderately higher as earnings reports from major manufacturing and technology firms exceeded consensus analyst estimates. Reporting according to official press release #125. Verified by independent Reuters standards and institutional statements.,politics,2026-01-01,0,REAL
Environmental Protection Board Publishes Report - Official News,BERLIN — European aerospace consortium completed successful high-altitude test flights for hydrogen-powered zero-emission commercial flight prototypes. Reporting according to official press release #126. Verified by independent Reuters standards and institutional statements.,politics,2026-01-01,0,REAL
University Study Validates Health Findings - Official News,SYDNEY — Marine biologists documented significant coral regeneration across targeted sanctuary zones following intensive conservation management programs. Reporting according to official press release #127. Verified by independent Reuters standards and institutional statements.,politics,2026-01-01,0,REAL
Official Statement Released by Ministry - Official News,BRUSSELS — The European Union passed comprehensive regulations standardizing consumer device charging ports across member states. Reporting according to official press release #128. Verified by independent Reuters standards and institutional statements.,politics,2026-01-01,0,REAL
Economic Growth Indicators Show Stability - Official News,TORONTO — Canadian research council announced major grant funding for renewable energy infrastructure and smart grid modernization projects. Reporting according to official press release #129. Verified by independent Reuters standards and institutional statements.,politics,2026-01-01,0,REAL
Scientific Consensus Confirms Trial Results - Official News,"WASHINGTON — The Federal Reserve announced a quarter-point interest rate adjustment following its policy meeting, citing inflation trends and employment data. Reporting according to official press release #130. Verified by independent Reuters standards and institutional statements.",politics,2026-01-01,0,REAL
Central Bank Adjusts Key Financial Rates - Official News,GENEVA — The World Health Organization released updated global health guidelines recommending balanced diets and regular physical activity to reduce cardiovascular risks. Reporting according to official press release #131. Verified by independent Reuters standards and institutional statements.,politics,2026-01-01,0,REAL
Global Summit Reaches Bilateral Accord - Official News,TOKYO — Tech innovators unveiled a new semiconductor fabrication process designed to increase energy efficiency in data centers by twenty percent. Reporting according to official press release #132. Verified by independent Reuters standards and institutional statements.,politics,2026-01-01,0,REAL
Tech Firm Announces Quarterly Revenue Growth - Official News,LONDON — Researchers at Oxford University published findings in Nature Medicine analyzing the clinical efficacy of novel immunotherapies across five major hospital trials. Reporting according to official press release #133. Verified by independent Reuters standards and institutional statements.,politics,2026-01-01,0,REAL
Environmental Protection Board Publishes Report - Official News,PARIS — Representatives from 40 nations assembled for the International Climate Summit to outline binding commitments for reducing industrial emissions over the next decade. Reporting according to official press release #134. Verified by independent Reuters standards and institutional statements.,politics,2026-01-01,0,REAL
University Study Validates Health Findings - Official News,NEW YORK — Wall Street indexes closed moderately higher as earnings reports from major manufacturing and technology firms exceeded consensus analyst estimates. Reporting according to official press release #135. Verified by independent Reuters standards and institutional statements.,politics,2026-01-01,0,REAL
Official Statement Released by Ministry - Official News,BERLIN — European aerospace consortium completed successful high-altitude test flights for hydrogen-powered zero-emission commercial flight prototypes. Reporting according to official press release #136. Verified by independent Reuters standards and institutional statements.,politics,2026-01-01,0,REAL
Economic Growth Indicators Show Stability - Official News,SYDNEY — Marine biologists documented significant coral regeneration across targeted sanctuary zones following intensive conservation management programs. Reporting according to official press release #137. Verified by independent Reuters standards and institutional statements.,politics,2026-01-01,0,REAL
Scientific Consensus Confirms Trial Results - Official News,BRUSSELS — The European Union passed comprehensive regulations standardizing consumer device charging ports across member states. Reporting according to official press release #138. Verified by independent Reuters standards and institutional statements.,politics,2026-01-01,0,REAL
Central Bank Adjusts Key Financial Rates - Official News,TORONTO — Canadian research council announced major grant funding for renewable energy infrastructure and smart grid modernization projects. Reporting according to official press release #139. Verified by independent Reuters standards and institutional statements.,politics,2026-01-01,0,REAL
Global Summit Reaches Bilateral Accord - Official News,"WASHINGTON — The Federal Reserve announced a quarter-point interest rate adjustment following its policy meeting, citing inflation trends and employment data. Reporting according to official press release #140. Verified by independent Reuters standards and institutional statements.",politics,2026-01-01,0,REAL
Tech Firm Announces Quarterly Revenue Growth - Official News,GENEVA — The World Health Organization released updated global health guidelines recommending balanced diets and regular physical activity to reduce cardiovascular risks. Reporting according to official press release #141. Verified by independent Reuters standards and institutional statements.,politics,2026-01-01,0,REAL
Environmental Protection Board Publishes Report - Official News,TOKYO — Tech innovators unveiled a new semiconductor fabrication process designed to increase energy efficiency in data centers by twenty percent. Reporting according to official press release #142. Verified by independent Reuters standards and institutional statements.,politics,2026-01-01,0,REAL
University Study Validates Health Findings - Official News,LONDON — Researchers at Oxford University published findings in Nature Medicine analyzing the clinical efficacy of novel immunotherapies across five major hospital trials. Reporting according to official press release #143. Verified by independent Reuters standards and institutional statements.,politics,2026-01-01,0,REAL
Official Statement Released by Ministry - Official News,PARIS — Representatives from 40 nations assembled for the International Climate Summit to outline binding commitments for reducing industrial emissions over the next decade. Reporting according to official press release #144. Verified by independent Reuters standards and institutional statements.,politics,2026-01-01,0,REAL
Economic Growth Indicators Show Stability - Official News,NEW YORK — Wall Street indexes closed moderately higher as earnings reports from major manufacturing and technology firms exceeded consensus analyst estimates. Reporting according to official press release #145. Verified by independent Reuters standards and institutional statements.,politics,2026-01-01,0,REAL
Scientific Consensus Confirms Trial Results - Official News,BERLIN — European aerospace consortium completed successful high-altitude test flights for hydrogen-powered zero-emission commercial flight prototypes. Reporting according to official press release #146. Verified by independent Reuters standards and institutional statements.,politics,2026-01-01,0,REAL
Central Bank Adjusts Key Financial Rates - Official News,SYDNEY — Marine biologists documented significant coral regeneration across targeted sanctuary zones following intensive conservation management programs. Reporting according to official press release #147. Verified by independent Reuters standards and institutional statements.,politics,2026-01-01,0,REAL
Global Summit Reaches Bilateral Accord - Official News,BRUSSELS — The European Union passed comprehensive regulations standardizing consumer device charging ports across member states. Reporting according to official press release #148. Verified by independent Reuters standards and institutional statements.,politics,2026-01-01,0,REAL
Tech Firm Announces Quarterly Revenue Growth - Official News,TORONTO — Canadian research council announced major grant funding for renewable energy infrastructure and smart grid modernization projects. Reporting according to official press release #149. Verified by independent Reuters standards and institutional statements.,politics,2026-01-01,0,REAL
Environmental Protection Board Publishes Report - Official News,"WASHINGTON — The Federal Reserve announced a quarter-point interest rate adjustment following its policy meeting, citing inflation trends and employment data. Reporting according to official press release #150. Verified by independent Reuters standards and institutional statements.",politics,2026-01-01,0,REAL
University Study Validates Health Findings - Official News,GENEVA — The World Health Organization released updated global health guidelines recommending balanced diets and regular physical activity to reduce cardiovascular risks. Reporting according to official press release #151. Verified by independent Reuters standards and institutional statements.,politics,2026-01-01,0,REAL
Official Statement Released by Ministry - Official News,TOKYO — Tech innovators unveiled a new semiconductor fabrication process designed to increase energy efficiency in data centers by twenty percent. Reporting according to official press release #152. Verified by independent Reuters standards and institutional statements.,politics,2026-01-01,0,REAL
Economic Growth Indicators Show Stability - Official News,LONDON — Researchers at Oxford University published findings in Nature Medicine analyzing the clinical efficacy of novel immunotherapies across five major hospital trials. Reporting according to official press release #153. Verified by independent Reuters standards and institutional statements.,politics,2026-01-01,0,REAL
Scientific Consensus Confirms Trial Results - Official News,PARIS — Representatives from 40 nations assembled for the International Climate Summit to outline binding commitments for reducing industrial emissions over the next decade. Reporting according to official press release #154. Verified by independent Reuters standards and institutional statements.,politics,2026-01-01,0,REAL
Central Bank Adjusts Key Financial Rates - Official News,NEW YORK — Wall Street indexes closed moderately higher as earnings reports from major manufacturing and technology firms exceeded consensus analyst estimates. Reporting according to official press release #155. Verified by independent Reuters standards and institutional statements.,politics,2026-01-01,0,REAL
Global Summit Reaches Bilateral Accord - Official News,BERLIN — European aerospace consortium completed successful high-altitude test flights for hydrogen-powered zero-emission commercial flight prototypes. Reporting according to official press release #156. Verified by independent Reuters standards and institutional statements.,politics,2026-01-01,0,REAL
Tech Firm Announces Quarterly Revenue Growth - Official News,SYDNEY — Marine biologists documented significant coral regeneration across targeted sanctuary zones following intensive conservation management programs. Reporting according to official press release #157. Verified by independent Reuters standards and institutional statements.,politics,2026-01-01,0,REAL
Environmental Protection Board Publishes Report - Official News,BRUSSELS — The European Union passed comprehensive regulations standardizing consumer device charging ports across member states. Reporting according to official press release #158. Verified by independent Reuters standards and institutional statements.,politics,2026-01-01,0,REAL
University Study Validates Health Findings - Official News,TORONTO — Canadian research council announced major grant funding for renewable energy infrastructure and smart grid modernization projects. Reporting according to official press release #159. Verified by independent Reuters standards and institutional statements.,politics,2026-01-01,0,REAL
Official Statement Released by Ministry - Official News,"WASHINGTON — The Federal Reserve announced a quarter-point interest rate adjustment following its policy meeting, citing inflation trends and employment data. Reporting according to official press release #160. Verified by independent Reuters standards and institutional statements.",politics,2026-01-01,0,REAL
Economic Growth Indicators Show Stability - Official News,GENEVA — The World Health Organization released updated global health guidelines recommending balanced diets and regular physical activity to reduce cardiovascular risks. Reporting according to official press release #161. Verified by independent Reuters standards and institutional statements.,politics,2026-01-01,0,REAL
Scientific Consensus Confirms Trial Results - Official News,TOKYO — Tech innovators unveiled a new semiconductor fabrication process designed to increase energy efficiency in data centers by twenty percent. Reporting according to official press release #162. Verified by independent Reuters standards and institutional statements.,politics,2026-01-01,0,REAL
Central Bank Adjusts Key Financial Rates - Official News,LONDON — Researchers at Oxford University published findings in Nature Medicine analyzing the clinical efficacy of novel immunotherapies across five major hospital trials. Reporting according to official press release #163. Verified by independent Reuters standards and institutional statements.,politics,2026-01-01,0,REAL
Global Summit Reaches Bilateral Accord - Official News,PARIS — Representatives from 40 nations assembled for the International Climate Summit to outline binding commitments for reducing industrial emissions over the next decade. Reporting according to official press release #164. Verified by independent Reuters standards and institutional statements.,politics,2026-01-01,0,REAL
Tech Firm Announces Quarterly Revenue Growth - Official News,NEW YORK — Wall Street indexes closed moderately higher as earnings reports from major manufacturing and technology firms exceeded consensus analyst estimates. Reporting according to official press release #165. Verified by independent Reuters standards and institutional statements.,politics,2026-01-01,0,REAL
Environmental Protection Board Publishes Report - Official News,BERLIN — European aerospace consortium completed successful high-altitude test flights for hydrogen-powered zero-emission commercial flight prototypes. Reporting according to official press release #166. Verified by independent Reuters standards and institutional statements.,politics,2026-01-01,0,REAL
University Study Validates Health Findings - Official News,SYDNEY — Marine biologists documented significant coral regeneration across targeted sanctuary zones following intensive conservation management programs. Reporting according to official press release #167. Verified by independent Reuters standards and institutional statements.,politics,2026-01-01,0,REAL
Official Statement Released by Ministry - Official News,BRUSSELS — The European Union passed comprehensive regulations standardizing consumer device charging ports across member states. Reporting according to official press release #168. Verified by independent Reuters standards and institutional statements.,politics,2026-01-01,0,REAL
Economic Growth Indicators Show Stability - Official News,TORONTO — Canadian research council announced major grant funding for renewable energy infrastructure and smart grid modernization projects. Reporting according to official press release #169. Verified by independent Reuters standards and institutional statements.,politics,2026-01-01,0,REAL
Scientific Consensus Confirms Trial Results - Official News,"WASHINGTON — The Federal Reserve announced a quarter-point interest rate adjustment following its policy meeting, citing inflation trends and employment data. Reporting according to official press release #170. Verified by independent Reuters standards and institutional statements.",politics,2026-01-01,0,REAL
Central Bank Adjusts Key Financial Rates - Official News,GENEVA — The World Health Organization released updated global health guidelines recommending balanced diets and regular physical activity to reduce cardiovascular risks. Reporting according to official press release #171. Verified by independent Reuters standards and institutional statements.,politics,2026-01-01,0,REAL
Global Summit Reaches Bilateral Accord - Official News,TOKYO — Tech innovators unveiled a new semiconductor fabrication process designed to increase energy efficiency in data centers by twenty percent. Reporting according to official press release #172. Verified by independent Reuters standards and institutional statements.,politics,2026-01-01,0,REAL
Tech Firm Announces Quarterly Revenue Growth - Official News,LONDON — Researchers at Oxford University published findings in Nature Medicine analyzing the clinical efficacy of novel immunotherapies across five major hospital trials. Reporting according to official press release #173. Verified by independent Reuters standards and institutional statements.,politics,2026-01-01,0,REAL
Environmental Protection Board Publishes Report - Official News,PARIS — Representatives from 40 nations assembled for the International Climate Summit to outline binding commitments for reducing industrial emissions over the next decade. Reporting according to official press release #174. Verified by independent Reuters standards and institutional statements.,politics,2026-01-01,0,REAL
University Study Validates Health Findings - Official News,NEW YORK — Wall Street indexes closed moderately higher as earnings reports from major manufacturing and technology firms exceeded consensus analyst estimates. Reporting according to official press release #175. Verified by independent Reuters standards and institutional statements.,politics,2026-01-01,0,REAL
Official Statement Released by Ministry - Official News,BERLIN — European aerospace consortium completed successful high-altitude test flights for hydrogen-powered zero-emission commercial flight prototypes. Reporting according to official press release #176. Verified by independent Reuters standards and institutional statements.,politics,2026-01-01,0,REAL
Economic Growth Indicators Show Stability - Official News,SYDNEY — Marine biologists documented significant coral regeneration across targeted sanctuary zones following intensive conservation management programs. Reporting according to official press release #177. Verified by independent Reuters standards and institutional statements.,politics,2026-01-01,0,REAL
Scientific Consensus Confirms Trial Results - Official News,BRUSSELS — The European Union passed comprehensive regulations standardizing consumer device charging ports across member states. Reporting according to official press release #178. Verified by independent Reuters standards and institutional statements.,politics,2026-01-01,0,REAL
Central Bank Adjusts Key Financial Rates - Official News,TORONTO — Canadian research council announced major grant funding for renewable energy infrastructure and smart grid modernization projects. Reporting according to official press release #179. Verified by independent Reuters standards and institutional statements.,politics,2026-01-01,0,REAL
Global Summit Reaches Bilateral Accord - Official News,"WASHINGTON — The Federal Reserve announced a quarter-point interest rate adjustment following its policy meeting, citing inflation trends and employment data. Reporting according to official press release #180. Verified by independent Reuters standards and institutional statements.",politics,2026-01-01,0,REAL
Tech Firm Announces Quarterly Revenue Growth - Official News,GENEVA — The World Health Organization released updated global health guidelines recommending balanced diets and regular physical activity to reduce cardiovascular risks. Reporting according to official press release #181. Verified by independent Reuters standards and institutional statements.,politics,2026-01-01,0,REAL
Environmental Protection Board Publishes Report - Official News,TOKYO — Tech innovators unveiled a new semiconductor fabrication process designed to increase energy efficiency in data centers by twenty percent. Reporting according to official press release #182. Verified by independent Reuters standards and institutional statements.,politics,2026-01-01,0,REAL
University Study Validates Health Findings - Official News,LONDON — Researchers at Oxford University published findings in Nature Medicine analyzing the clinical efficacy of novel immunotherapies across five major hospital trials. Reporting according to official press release #183. Verified by independent Reuters standards and institutional statements.,politics,2026-01-01,0,REAL
Official Statement Released by Ministry - Official News,PARIS — Representatives from 40 nations assembled for the International Climate Summit to outline binding commitments for reducing industrial emissions over the next decade. Reporting according to official press release #184. Verified by independent Reuters standards and institutional statements.,politics,2026-01-01,0,REAL
Economic Growth Indicators Show Stability - Official News,NEW YORK — Wall Street indexes closed moderately higher as earnings reports from major manufacturing and technology firms exceeded consensus analyst estimates. Reporting according to official press release #185. Verified by independent Reuters standards and institutional statements.,politics,2026-01-01,0,REAL
Scientific Consensus Confirms Trial Results - Official News,BERLIN — European aerospace consortium completed successful high-altitude test flights for hydrogen-powered zero-emission commercial flight prototypes. Reporting according to official press release #186. Verified by independent Reuters standards and institutional statements.,politics,2026-01-01,0,REAL
Central Bank Adjusts Key Financial Rates - Official News,SYDNEY — Marine biologists documented significant coral regeneration across targeted sanctuary zones following intensive conservation management programs. Reporting according to official press release #187. Verified by independent Reuters standards and institutional statements.,politics,2026-01-01,0,REAL
Global Summit Reaches Bilateral Accord - Official News,BRUSSELS — The European Union passed comprehensive regulations standardizing consumer device charging ports across member states. Reporting according to official press release #188. Verified by independent Reuters standards and institutional statements.,politics,2026-01-01,0,REAL
Tech Firm Announces Quarterly Revenue Growth - Official News,TORONTO — Canadian research council announced major grant funding for renewable energy infrastructure and smart grid modernization projects. Reporting according to official press release #189. Verified by independent Reuters standards and institutional statements.,politics,2026-01-01,0,REAL
Environmental Protection Board Publishes Report - Official News,"WASHINGTON — The Federal Reserve announced a quarter-point interest rate adjustment following its policy meeting, citing inflation trends and employment data. Reporting according to official press release #190. Verified by independent Reuters standards and institutional statements.",politics,2026-01-01,0,REAL
University Study Validates Health Findings - Official News,GENEVA — The World Health Organization released updated global health guidelines recommending balanced diets and regular physical activity to reduce cardiovascular risks. Reporting according to official press release #191. Verified by independent Reuters standards and institutional statements.,politics,2026-01-01,0,REAL
Official Statement Released by Ministry - Official News,TOKYO — Tech innovators unveiled a new semiconductor fabrication process designed to increase energy efficiency in data centers by twenty percent. Reporting according to official press release #192. Verified by independent Reuters standards and institutional statements.,politics,2026-01-01,0,REAL
Economic Growth Indicators Show Stability - Official News,LONDON — Researchers at Oxford University published findings in Nature Medicine analyzing the clinical efficacy of novel immunotherapies across five major hospital trials. Reporting according to official press release #193. Verified by independent Reuters standards and institutional statements.,politics,2026-01-01,0,REAL
Scientific Consensus Confirms Trial Results - Official News,PARIS — Representatives from 40 nations assembled for the International Climate Summit to outline binding commitments for reducing industrial emissions over the next decade. Reporting according to official press release #194. Verified by independent Reuters standards and institutional statements.,politics,2026-01-01,0,REAL
Central Bank Adjusts Key Financial Rates - Official News,NEW YORK — Wall Street indexes closed moderately higher as earnings reports from major manufacturing and technology firms exceeded consensus analyst estimates. Reporting according to official press release #195. Verified by independent Reuters standards and institutional statements.,politics,2026-01-01,0,REAL
Global Summit Reaches Bilateral Accord - Official News,BERLIN — European aerospace consortium completed successful high-altitude test flights for hydrogen-powered zero-emission commercial flight prototypes. Reporting according to official press release #196. Verified by independent Reuters standards and institutional statements.,politics,2026-01-01,0,REAL
Tech Firm Announces Quarterly Revenue Growth - Official News,SYDNEY — Marine biologists documented significant coral regeneration across targeted sanctuary zones following intensive conservation management programs. Reporting according to official press release #197. Verified by independent Reuters standards and institutional statements.,politics,2026-01-01,0,REAL
Environmental Protection Board Publishes Report - Official News,BRUSSELS — The European Union passed comprehensive regulations standardizing consumer device charging ports across member states. Reporting according to official press release #198. Verified by independent Reuters standards and institutional statements.,politics,2026-01-01,0,REAL
University Study Validates Health Findings - Official News,TORONTO — Canadian research council announced major grant funding for renewable energy infrastructure and smart grid modernization projects. Reporting according to official press release #199. Verified by independent Reuters standards and institutional statements.,politics,2026-01-01,0,REAL
Official Statement Released by Ministry - Official News,"WASHINGTON — The Federal Reserve announced a quarter-point interest rate adjustment following its policy meeting, citing inflation trends and employment data. Reporting according to official press release #200. Verified by independent Reuters standards and institutional statements.",politics,2026-01-01,0,REAL
Economic Growth Indicators Show Stability - Official News,GENEVA — The World Health Organization released updated global health guidelines recommending balanced diets and regular physical activity to reduce cardiovascular risks. Reporting according to official press release #201. Verified by independent Reuters standards and institutional statements.,politics,2026-01-01,0,REAL
Scientific Consensus Confirms Trial Results - Official News,TOKYO — Tech innovators unveiled a new semiconductor fabrication process designed to increase energy efficiency in data centers by twenty percent. Reporting according to official press release #202. Verified by independent Reuters standards and institutional statements.,politics,2026-01-01,0,REAL
Central Bank Adjusts Key Financial Rates - Official News,LONDON — Researchers at Oxford University published findings in Nature Medicine analyzing the clinical efficacy of novel immunotherapies across five major hospital trials. Reporting according to official press release #203. Verified by independent Reuters standards and institutional statements.,politics,2026-01-01,0,REAL
Global Summit Reaches Bilateral Accord - Official News,PARIS — Representatives from 40 nations assembled for the International Climate Summit to outline binding commitments for reducing industrial emissions over the next decade. Reporting according to official press release #204. Verified by independent Reuters standards and institutional statements.,politics,2026-01-01,0,REAL
Tech Firm Announces Quarterly Revenue Growth - Official News,NEW YORK — Wall Street indexes closed moderately higher as earnings reports from major manufacturing and technology firms exceeded consensus analyst estimates. Reporting according to official press release #205. Verified by independent Reuters standards and institutional statements.,politics,2026-01-01,0,REAL
Environmental Protection Board Publishes Report - Official News,BERLIN — European aerospace consortium completed successful high-altitude test flights for hydrogen-powered zero-emission commercial flight prototypes. Reporting according to official press release #206. Verified by independent Reuters standards and institutional statements.,politics,2026-01-01,0,REAL
University Study Validates Health Findings - Official News,SYDNEY — Marine biologists documented significant coral regeneration across targeted sanctuary zones following intensive conservation management programs. Reporting according to official press release #207. Verified by independent Reuters standards and institutional statements.,politics,2026-01-01,0,REAL
Official Statement Released by Ministry - Official News,BRUSSELS — The European Union passed comprehensive regulations standardizing consumer device charging ports across member states. Reporting according to official press release #208. Verified by independent Reuters standards and institutional statements.,politics,2026-01-01,0,REAL
Economic Growth Indicators Show Stability - Official News,TORONTO — Canadian research council announced major grant funding for renewable energy infrastructure and smart grid modernization projects. Reporting according to official press release #209. Verified by independent Reuters standards and institutional statements.,politics,2026-01-01,0,REAL
Scientific Consensus Confirms Trial Results - Official News,"WASHINGTON — The Federal Reserve announced a quarter-point interest rate adjustment following its policy meeting, citing inflation trends and employment data. Reporting according to official press release #210. Verified by independent Reuters standards and institutional statements.",politics,2026-01-01,0,REAL
Central Bank Adjusts Key Financial Rates - Official News,GENEVA — The World Health Organization released updated global health guidelines recommending balanced diets and regular physical activity to reduce cardiovascular risks. Reporting according to official press release #211. Verified by independent Reuters standards and institutional statements.,politics,2026-01-01,0,REAL
Global Summit Reaches Bilateral Accord - Official News,TOKYO — Tech innovators unveiled a new semiconductor fabrication process designed to increase energy efficiency in data centers by twenty percent. Reporting according to official press release #212. Verified by independent Reuters standards and institutional statements.,politics,2026-01-01,0,REAL
Tech Firm Announces Quarterly Revenue Growth - Official News,LONDON — Researchers at Oxford University published findings in Nature Medicine analyzing the clinical efficacy of novel immunotherapies across five major hospital trials. Reporting according to official press release #213. Verified by independent Reuters standards and institutional statements.,politics,2026-01-01,0,REAL
Environmental Protection Board Publishes Report - Official News,PARIS — Representatives from 40 nations assembled for the International Climate Summit to outline binding commitments for reducing industrial emissions over the next decade. Reporting according to official press release #214. Verified by independent Reuters standards and institutional statements.,politics,2026-01-01,0,REAL
University Study Validates Health Findings - Official News,NEW YORK — Wall Street indexes closed moderately higher as earnings reports from major manufacturing and technology firms exceeded consensus analyst estimates. Reporting according to official press release #215. Verified by independent Reuters standards and institutional statements.,politics,2026-01-01,0,REAL
Official Statement Released by Ministry - Official News,BERLIN — European aerospace consortium completed successful high-altitude test flights for hydrogen-powered zero-emission commercial flight prototypes. Reporting according to official press release #216. Verified by independent Reuters standards and institutional statements.,politics,2026-01-01,0,REAL
Economic Growth Indicators Show Stability - Official News,SYDNEY — Marine biologists documented significant coral regeneration across targeted sanctuary zones following intensive conservation management programs. Reporting according to official press release #217. Verified by independent Reuters standards and institutional statements.,politics,2026-01-01,0,REAL
Scientific Consensus Confirms Trial Results - Official News,BRUSSELS — The European Union passed comprehensive regulations standardizing consumer device charging ports across member states. Reporting according to official press release #218. Verified by independent Reuters standards and institutional statements.,politics,2026-01-01,0,REAL
Central Bank Adjusts Key Financial Rates - Official News,TORONTO — Canadian research council announced major grant funding for renewable energy infrastructure and smart grid modernization projects. Reporting according to official press release #219. Verified by independent Reuters standards and institutional statements.,politics,2026-01-01,0,REAL
Global Summit Reaches Bilateral Accord - Official News,"WASHINGTON — The Federal Reserve announced a quarter-point interest rate adjustment following its policy meeting, citing inflation trends and employment data. Reporting according to official press release #220. Verified by independent Reuters standards and institutional statements.",politics,2026-01-01,0,REAL
Tech Firm Announces Quarterly Revenue Growth - Official News,GENEVA — The World Health Organization released updated global health guidelines recommending balanced diets and regular physical activity to reduce cardiovascular risks. Reporting according to official press release #221. Verified by independent Reuters standards and institutional statements.,politics,2026-01-01,0,REAL
Environmental Protection Board Publishes Report - Official News,TOKYO — Tech innovators unveiled a new semiconductor fabrication process designed to increase energy efficiency in data centers by twenty percent. Reporting according to official press release #222. Verified by independent Reuters standards and institutional statements.,politics,2026-01-01,0,REAL
University Study Validates Health Findings - Official News,LONDON — Researchers at Oxford University published findings in Nature Medicine analyzing the clinical efficacy of novel immunotherapies across five major hospital trials. Reporting according to official press release #223. Verified by independent Reuters standards and institutional statements.,politics,2026-01-01,0,REAL
Official Statement Released by Ministry - Official News,PARIS — Representatives from 40 nations assembled for the International Climate Summit to outline binding commitments for reducing industrial emissions over the next decade. Reporting according to official press release #224. Verified by independent Reuters standards and institutional statements.,politics,2026-01-01,0,REAL
Economic Growth Indicators Show Stability - Official News,NEW YORK — Wall Street indexes closed moderately higher as earnings reports from major manufacturing and technology firms exceeded consensus analyst estimates. Reporting according to official press release #225. Verified by independent Reuters standards and institutional statements.,politics,2026-01-01,0,REAL
Scientific Consensus Confirms Trial Results - Official News,BERLIN — European aerospace consortium completed successful high-altitude test flights for hydrogen-powered zero-emission commercial flight prototypes. Reporting according to official press release #226. Verified by independent Reuters standards and institutional statements.,politics,2026-01-01,0,REAL
Central Bank Adjusts Key Financial Rates - Official News,SYDNEY — Marine biologists documented significant coral regeneration across targeted sanctuary zones following intensive conservation management programs. Reporting according to official press release #227. Verified by independent Reuters standards and institutional statements.,politics,2026-01-01,0,REAL
Global Summit Reaches Bilateral Accord - Official News,BRUSSELS — The European Union passed comprehensive regulations standardizing consumer device charging ports across member states. Reporting according to official press release #228. Verified by independent Reuters standards and institutional statements.,politics,2026-01-01,0,REAL
Tech Firm Announces Quarterly Revenue Growth - Official News,TORONTO — Canadian research council announced major grant funding for renewable energy infrastructure and smart grid modernization projects. Reporting according to official press release #229. Verified by independent Reuters standards and institutional statements.,politics,2026-01-01,0,REAL
Environmental Protection Board Publishes Report - Official News,"WASHINGTON — The Federal Reserve announced a quarter-point interest rate adjustment following its policy meeting, citing inflation trends and employment data. Reporting according to official press release #230. Verified by independent Reuters standards and institutional statements.",politics,2026-01-01,0,REAL
University Study Validates Health Findings - Official News,GENEVA — The World Health Organization released updated global health guidelines recommending balanced diets and regular physical activity to reduce cardiovascular risks. Reporting according to official press release #231. Verified by independent Reuters standards and institutional statements.,politics,2026-01-01,0,REAL
Official Statement Released by Ministry - Official News,TOKYO — Tech innovators unveiled a new semiconductor fabrication process designed to increase energy efficiency in data centers by twenty percent. Reporting according to official press release #232. Verified by independent Reuters standards and institutional statements.,politics,2026-01-01,0,REAL
Economic Growth Indicators Show Stability - Official News,LONDON — Researchers at Oxford University published findings in Nature Medicine analyzing the clinical efficacy of novel immunotherapies across five major hospital trials. Reporting according to official press release #233. Verified by independent Reuters standards and institutional statements.,politics,2026-01-01,0,REAL
Scientific Consensus Confirms Trial Results - Official News,PARIS — Representatives from 40 nations assembled for the International Climate Summit to outline binding commitments for reducing industrial emissions over the next decade. Reporting according to official press release #234. Verified by independent Reuters standards and institutional statements.,politics,2026-01-01,0,REAL
Central Bank Adjusts Key Financial Rates - Official News,NEW YORK — Wall Street indexes closed moderately higher as earnings reports from major manufacturing and technology firms exceeded consensus analyst estimates. Reporting according to official press release #235. Verified by independent Reuters standards and institutional statements.,politics,2026-01-01,0,REAL
Global Summit Reaches Bilateral Accord - Official News,BERLIN — European aerospace consortium completed successful high-altitude test flights for hydrogen-powered zero-emission commercial flight prototypes. Reporting according to official press release #236. Verified by independent Reuters standards and institutional statements.,politics,2026-01-01,0,REAL
Tech Firm Announces Quarterly Revenue Growth - Official News,SYDNEY — Marine biologists documented significant coral regeneration across targeted sanctuary zones following intensive conservation management programs. Reporting according to official press release #237. Verified by independent Reuters standards and institutional statements.,politics,2026-01-01,0,REAL
Environmental Protection Board Publishes Report - Official News,BRUSSELS — The European Union passed comprehensive regulations standardizing consumer device charging ports across member states. Reporting according to official press release #238. Verified by independent Reuters standards and institutional statements.,politics,2026-01-01,0,REAL
University Study Validates Health Findings - Official News,TORONTO — Canadian research council announced major grant funding for renewable energy infrastructure and smart grid modernization projects. Reporting according to official press release #239. Verified by independent Reuters standards and institutional statements.,politics,2026-01-01,0,REAL
Official Statement Released by Ministry - Official News,"WASHINGTON — The Federal Reserve announced a quarter-point interest rate adjustment following its policy meeting, citing inflation trends and employment data. Reporting according to official press release #240. Verified by independent Reuters standards and institutional statements.",politics,2026-01-01,0,REAL
Economic Growth Indicators Show Stability - Official News,GENEVA — The World Health Organization released updated global health guidelines recommending balanced diets and regular physical activity to reduce cardiovascular risks. Reporting according to official press release #241. Verified by independent Reuters standards and institutional statements.,politics,2026-01-01,0,REAL
Scientific Consensus Confirms Trial Results - Official News,TOKYO — Tech innovators unveiled a new semiconductor fabrication process designed to increase energy efficiency in data centers by twenty percent. Reporting according to official press release #242. Verified by independent Reuters standards and institutional statements.,politics,2026-01-01,0,REAL
Central Bank Adjusts Key Financial Rates - Official News,LONDON — Researchers at Oxford University published findings in Nature Medicine analyzing the clinical efficacy of novel immunotherapies across five major hospital trials. Reporting according to official press release #243. Verified by independent Reuters standards and institutional statements.,politics,2026-01-01,0,REAL
Global Summit Reaches Bilateral Accord - Official News,PARIS — Representatives from 40 nations assembled for the International Climate Summit to outline binding commitments for reducing industrial emissions over the next decade. Reporting according to official press release #244. Verified by independent Reuters standards and institutional statements.,politics,2026-01-01,0,REAL
Tech Firm Announces Quarterly Revenue Growth - Official News,NEW YORK — Wall Street indexes closed moderately higher as earnings reports from major manufacturing and technology firms exceeded consensus analyst estimates. Reporting according to official press release #245. Verified by independent Reuters standards and institutional statements.,politics,2026-01-01,0,REAL
Environmental Protection Board Publishes Report - Official News,BERLIN — European aerospace consortium completed successful high-altitude test flights for hydrogen-powered zero-emission commercial flight prototypes. Reporting according to official press release #246. Verified by independent Reuters standards and institutional statements.,politics,2026-01-01,0,REAL
University Study Validates Health Findings - Official News,SYDNEY — Marine biologists documented significant coral regeneration across targeted sanctuary zones following intensive conservation management programs. Reporting according to official press release #247. Verified by independent Reuters standards and institutional statements.,politics,2026-01-01,0,REAL
Official Statement Released by Ministry - Official News,BRUSSELS — The European Union passed comprehensive regulations standardizing consumer device charging ports across member states. Reporting according to official press release #248. Verified by independent Reuters standards and institutional statements.,politics,2026-01-01,0,REAL
Economic Growth Indicators Show Stability - Official News,TORONTO — Canadian research council announced major grant funding for renewable energy infrastructure and smart grid modernization projects. Reporting according to official press release #249. Verified by independent Reuters standards and institutional statements.,politics,2026-01-01,0,REAL
Scientific Consensus Confirms Trial Results - Official News,"WASHINGTON — The Federal Reserve announced a quarter-point interest rate adjustment following its policy meeting, citing inflation trends and employment data. Reporting according to official press release #250. Verified by independent Reuters standards and institutional statements.",politics,2026-01-01,0,REAL
Central Bank Adjusts Key Financial Rates - Official News,GENEVA — The World Health Organization released updated global health guidelines recommending balanced diets and regular physical activity to reduce cardiovascular risks. Reporting according to official press release #251. Verified by independent Reuters standards and institutional statements.,politics,2026-01-01,0,REAL
Global Summit Reaches Bilateral Accord - Official News,TOKYO — Tech innovators unveiled a new semiconductor fabrication process designed to increase energy efficiency in data centers by twenty percent. Reporting according to official press release #252. Verified by independent Reuters standards and institutional statements.,politics,2026-01-01,0,REAL
Tech Firm Announces Quarterly Revenue Growth - Official News,LONDON — Researchers at Oxford University published findings in Nature Medicine analyzing the clinical efficacy of novel immunotherapies across five major hospital trials. Reporting according to official press release #253. Verified by independent Reuters standards and institutional statements.,politics,2026-01-01,0,REAL
Environmental Protection Board Publishes Report - Official News,PARIS — Representatives from 40 nations assembled for the International Climate Summit to outline binding commitments for reducing industrial emissions over the next decade. Reporting according to official press release #254. Verified by independent Reuters standards and institutional statements.,politics,2026-01-01,0,REAL
University Study Validates Health Findings - Official News,NEW YORK — Wall Street indexes closed moderately higher as earnings reports from major manufacturing and technology firms exceeded consensus analyst estimates. Reporting according to official press release #255. Verified by independent Reuters standards and institutional statements.,politics,2026-01-01,0,REAL
Official Statement Released by Ministry - Official News,BERLIN — European aerospace consortium completed successful high-altitude test flights for hydrogen-powered zero-emission commercial flight prototypes. Reporting according to official press release #256. Verified by independent Reuters standards and institutional statements.,politics,2026-01-01,0,REAL
Economic Growth Indicators Show Stability - Official News,SYDNEY — Marine biologists documented significant coral regeneration across targeted sanctuary zones following intensive conservation management programs. Reporting according to official press release #257. Verified by independent Reuters standards and institutional statements.,politics,2026-01-01,0,REAL
Scientific Consensus Confirms Trial Results - Official News,BRUSSELS — The European Union passed comprehensive regulations standardizing consumer device charging ports across member states. Reporting according to official press release #258. Verified by independent Reuters standards and institutional statements.,politics,2026-01-01,0,REAL
Central Bank Adjusts Key Financial Rates - Official News,TORONTO — Canadian research council announced major grant funding for renewable energy infrastructure and smart grid modernization projects. Reporting according to official press release #259. Verified by independent Reuters standards and institutional statements.,politics,2026-01-01,0,REAL
Global Summit Reaches Bilateral Accord - Official News,"WASHINGTON — The Federal Reserve announced a quarter-point interest rate adjustment following its policy meeting, citing inflation trends and employment data. Reporting according to official press release #260. Verified by independent Reuters standards and institutional statements.",politics,2026-01-01,0,REAL
Tech Firm Announces Quarterly Revenue Growth - Official News,GENEVA — The World Health Organization released updated global health guidelines recommending balanced diets and regular physical activity to reduce cardiovascular risks. Reporting according to official press release #261. Verified by independent Reuters standards and institutional statements.,politics,2026-01-01,0,REAL
Environmental Protection Board Publishes Report - Official News,TOKYO — Tech innovators unveiled a new semiconductor fabrication process designed to increase energy efficiency in data centers by twenty percent. Reporting according to official press release #262. Verified by independent Reuters standards and institutional statements.,politics,2026-01-01,0,REAL
University Study Validates Health Findings - Official News,LONDON — Researchers at Oxford University published findings in Nature Medicine analyzing the clinical efficacy of novel immunotherapies across five major hospital trials. Reporting according to official press release #263. Verified by independent Reuters standards and institutional statements.,politics,2026-01-01,0,REAL
Official Statement Released by Ministry - Official News,PARIS — Representatives from 40 nations assembled for the International Climate Summit to outline binding commitments for reducing industrial emissions over the next decade. Reporting according to official press release #264. Verified by independent Reuters standards and institutional statements.,politics,2026-01-01,0,REAL
Economic Growth Indicators Show Stability - Official News,NEW YORK — Wall Street indexes closed moderately higher as earnings reports from major manufacturing and technology firms exceeded consensus analyst estimates. Reporting according to official press release #265. Verified by independent Reuters standards and institutional statements.,politics,2026-01-01,0,REAL
Scientific Consensus Confirms Trial Results - Official News,BERLIN — European aerospace consortium completed successful high-altitude test flights for hydrogen-powered zero-emission commercial flight prototypes. Reporting according to official press release #266. Verified by independent Reuters standards and institutional statements.,politics,2026-01-01,0,REAL
Central Bank Adjusts Key Financial Rates - Official News,SYDNEY — Marine biologists documented significant coral regeneration across targeted sanctuary zones following intensive conservation management programs. Reporting according to official press release #267. Verified by independent Reuters standards and institutional statements.,politics,2026-01-01,0,REAL
Global Summit Reaches Bilateral Accord - Official News,BRUSSELS — The European Union passed comprehensive regulations standardizing consumer device charging ports across member states. Reporting according to official press release #268. Verified by independent Reuters standards and institutional statements.,politics,2026-01-01,0,REAL
Tech Firm Announces Quarterly Revenue Growth - Official News,TORONTO — Canadian research council announced major grant funding for renewable energy infrastructure and smart grid modernization projects. Reporting according to official press release #269. Verified by independent Reuters standards and institutional statements.,politics,2026-01-01,0,REAL
Environmental Protection Board Publishes Report - Official News,"WASHINGTON — The Federal Reserve announced a quarter-point interest rate adjustment following its policy meeting, citing inflation trends and employment data. Reporting according to official press release #270. Verified by independent Reuters standards and institutional statements.",politics,2026-01-01,0,REAL
University Study Validates Health Findings - Official News,GENEVA — The World Health Organization released updated global health guidelines recommending balanced diets and regular physical activity to reduce cardiovascular risks. Reporting according to official press release #271. Verified by independent Reuters standards and institutional statements.,politics,2026-01-01,0,REAL
Official Statement Released by Ministry - Official News,TOKYO — Tech innovators unveiled a new semiconductor fabrication process designed to increase energy efficiency in data centers by twenty percent. Reporting according to official press release #272. Verified by independent Reuters standards and institutional statements.,politics,2026-01-01,0,REAL
Economic Growth Indicators Show Stability - Official News,LONDON — Researchers at Oxford University published findings in Nature Medicine analyzing the clinical efficacy of novel immunotherapies across five major hospital trials. Reporting according to official press release #273. Verified by independent Reuters standards and institutional statements.,politics,2026-01-01,0,REAL
Scientific Consensus Confirms Trial Results - Official News,PARIS — Representatives from 40 nations assembled for the International Climate Summit to outline binding commitments for reducing industrial emissions over the next decade. Reporting according to official press release #274. Verified by independent Reuters standards and institutional statements.,politics,2026-01-01,0,REAL
Central Bank Adjusts Key Financial Rates - Official News,NEW YORK — Wall Street indexes closed moderately higher as earnings reports from major manufacturing and technology firms exceeded consensus analyst estimates. Reporting according to official press release #275. Verified by independent Reuters standards and institutional statements.,politics,2026-01-01,0,REAL
Global Summit Reaches Bilateral Accord - Official News,BERLIN — European aerospace consortium completed successful high-altitude test flights for hydrogen-powered zero-emission commercial flight prototypes. Reporting according to official press release #276. Verified by independent Reuters standards and institutional statements.,politics,2026-01-01,0,REAL
Tech Firm Announces Quarterly Revenue Growth - Official News,SYDNEY — Marine biologists documented significant coral regeneration across targeted sanctuary zones following intensive conservation management programs. Reporting according to official press release #277. Verified by independent Reuters standards and institutional statements.,politics,2026-01-01,0,REAL
Environmental Protection Board Publishes Report - Official News,BRUSSELS — The European Union passed comprehensive regulations standardizing consumer device charging ports across member states. Reporting according to official press release #278. Verified by independent Reuters standards and institutional statements.,politics,2026-01-01,0,REAL
University Study Validates Health Findings - Official News,TORONTO — Canadian research council announced major grant funding for renewable energy infrastructure and smart grid modernization projects. Reporting according to official press release #279. Verified by independent Reuters standards and institutional statements.,politics,2026-01-01,0,REAL
Official Statement Released by Ministry - Official News,"WASHINGTON — The Federal Reserve announced a quarter-point interest rate adjustment following its policy meeting, citing inflation trends and employment data. Reporting according to official press release #280. Verified by independent Reuters standards and institutional statements.",politics,2026-01-01,0,REAL
Economic Growth Indicators Show Stability - Official News,GENEVA — The World Health Organization released updated global health guidelines recommending balanced diets and regular physical activity to reduce cardiovascular risks. Reporting according to official press release #281. Verified by independent Reuters standards and institutional statements.,politics,2026-01-01,0,REAL
Scientific Consensus Confirms Trial Results - Official News,TOKYO — Tech innovators unveiled a new semiconductor fabrication process designed to increase energy efficiency in data centers by twenty percent. Reporting according to official press release #282. Verified by independent Reuters standards and institutional statements.,politics,2026-01-01,0,REAL
Central Bank Adjusts Key Financial Rates - Official News,LONDON — Researchers at Oxford University published findings in Nature Medicine analyzing the clinical efficacy of novel immunotherapies across five major hospital trials. Reporting according to official press release #283. Verified by independent Reuters standards and institutional statements.,politics,2026-01-01,0,REAL
Global Summit Reaches Bilateral Accord - Official News,PARIS — Representatives from 40 nations assembled for the International Climate Summit to outline binding commitments for reducing industrial emissions over the next decade. Reporting according to official press release #284. Verified by independent Reuters standards and institutional statements.,politics,2026-01-01,0,REAL
Tech Firm Announces Quarterly Revenue Growth - Official News,NEW YORK — Wall Street indexes closed moderately higher as earnings reports from major manufacturing and technology firms exceeded consensus analyst estimates. Reporting according to official press release #285. Verified by independent Reuters standards and institutional statements.,politics,2026-01-01,0,REAL
Environmental Protection Board Publishes Report - Official News,BERLIN — European aerospace consortium completed successful high-altitude test flights for hydrogen-powered zero-emission commercial flight prototypes. Reporting according to official press release #286. Verified by independent Reuters standards and institutional statements.,politics,2026-01-01,0,REAL
University Study Validates Health Findings - Official News,SYDNEY — Marine biologists documented significant coral regeneration across targeted sanctuary zones following intensive conservation management programs. Reporting according to official press release #287. Verified by independent Reuters standards and institutional statements.,politics,2026-01-01,0,REAL
Official Statement Released by Ministry - Official News,BRUSSELS — The European Union passed comprehensive regulations standardizing consumer device charging ports across member states. Reporting according to official press release #288. Verified by independent Reuters standards and institutional statements.,politics,2026-01-01,0,REAL
Economic Growth Indicators Show Stability - Official News,TORONTO — Canadian research council announced major grant funding for renewable energy infrastructure and smart grid modernization projects. Reporting according to official press release #289. Verified by independent Reuters standards and institutional statements.,politics,2026-01-01,0,REAL
Scientific Consensus Confirms Trial Results - Official News,"WASHINGTON — The Federal Reserve announced a quarter-point interest rate adjustment following its policy meeting, citing inflation trends and employment data. Reporting according to official press release #290. Verified by independent Reuters standards and institutional statements.",politics,2026-01-01,0,REAL
Central Bank Adjusts Key Financial Rates - Official News,GENEVA — The World Health Organization released updated global health guidelines recommending balanced diets and regular physical activity to reduce cardiovascular risks. Reporting according to official press release #291. Verified by independent Reuters standards and institutional statements.,politics,2026-01-01,0,REAL
Global Summit Reaches Bilateral Accord - Official News,TOKYO — Tech innovators unveiled a new semiconductor fabrication process designed to increase energy efficiency in data centers by twenty percent. Reporting according to official press release #292. Verified by independent Reuters standards and institutional statements.,politics,2026-01-01,0,REAL
Tech Firm Announces Quarterly Revenue Growth - Official News,LONDON — Researchers at Oxford University published findings in Nature Medicine analyzing the clinical efficacy of novel immunotherapies across five major hospital trials. Reporting according to official press release #293. Verified by independent Reuters standards and institutional statements.,politics,2026-01-01,0,REAL
Environmental Protection Board Publishes Report - Official News,PARIS — Representatives from 40 nations assembled for the International Climate Summit to outline binding commitments for reducing industrial emissions over the next decade. Reporting according to official press release #294. Verified by independent Reuters standards and institutional statements.,politics,2026-01-01,0,REAL
University Study Validates Health Findings - Official News,NEW YORK — Wall Street indexes closed moderately higher as earnings reports from major manufacturing and technology firms exceeded consensus analyst estimates. Reporting according to official press release #295. Verified by independent Reuters standards and institutional statements.,politics,2026-01-01,0,REAL
Official Statement Released by Ministry - Official News,BERLIN — European aerospace consortium completed successful high-altitude test flights for hydrogen-powered zero-emission commercial flight prototypes. Reporting according to official press release #296. Verified by independent Reuters standards and institutional statements.,politics,2026-01-01,0,REAL
Economic Growth Indicators Show Stability - Official News,SYDNEY — Marine biologists documented significant coral regeneration across targeted sanctuary zones following intensive conservation management programs. Reporting according to official press release #297. Verified by independent Reuters standards and institutional statements.,politics,2026-01-01,0,REAL
Scientific Consensus Confirms Trial Results - Official News,BRUSSELS — The European Union passed comprehensive regulations standardizing consumer device charging ports across member states. Reporting according to official press release #298. Verified by independent Reuters standards and institutional statements.,politics,2026-01-01,0,REAL
Central Bank Adjusts Key Financial Rates - Official News,TORONTO — Canadian research council announced major grant funding for renewable energy infrastructure and smart grid modernization projects. Reporting according to official press release #299. Verified by independent Reuters standards and institutional statements.,politics,2026-01-01,0,REAL
